"village_ID","poor.household.CNT","poor.JPT.CNT","poor.JPT.MOFreg.CNT","poor.JPT.MOFval.CNT","poor.JPT.MOFval.health","poor.JPT.MOFval.living","poor.JPT.MOFval.education","poor.JPT.MOFval.income","poor.JPT.MOFval.accessibility","JPT.MOFval.pov.rate","poor.JPT.MOFval.ind1.CNT","poor.JPT.MOFval.ind2.CNT","poor.JPT.MOFval.ind3.CNT","poor.JPT.MOFval.ind4.CNT","poor.JPT.MOFval.ind5.CNT","poor.JPT.MOFval.ind6.CNT","poor.JPT.MOFval.ind7.CNT","poor.JPT.MOFval.ind8.CNT","poor.JPT.MOFval.ind9.CNT","poor.JPT.MOFval.ind10.CNT","poor.JPT.MOFval.ind11.CNT","poor.JPT.MOFval.ind12.CNT","poor.JPT.MOFval.ind13.CNT","poor.JPT.MOFval.ind14.CNT","poor.JPT.MOFval.ind15.CNT","poor.JPT.MOFval.ind16.CNT","poor.JPT.MOFval.ind17.CNT","poor.JPT.MOFval.ind18.CNT","poor.JPT.MOFval.ind19.CNT","poor.JPT.MOFval.ind20.CNT","poor.JPT.MOFval.ind21.CNT","poor.JPT.MOFval.ind22.CNT","poor.JPT.MOFval.ind23.CNT","poor.JPT.MOFval.ind24.CNT","poor.JPT.MOFval.ind25.CNT","poor.JPT.MOFval.ind26.CNT","poor.JPT.MOFval.ind27.CNT","poor.JPT.MOFval.ind28.CNT","poor.JPT.MOFval.ind29.CNT","poor.JPT.MOFval.ind30.CNT","poor.JPT.MOFval.ind31.CNT","province_ID"
"4301010101",0,0,0,0,0,0,0,0,0,0,0,0,0,0,0,0,0,0,0,0,0,0,0,0,0,0,0,0,0,0,0,0,0,0,0,0,0,0,0,0,0,"43"
"4301010201",5,11,0,0,0,0,0,0,0,0,0,0,0,0,0,0,0,0,0,0,0,0,0,0,0,0,0,0,0,0,0,0,0,0,0,0,0,0,0,0,0,"43"
"4301010301",0,0,0,0,0,0,0,0,0,0,0,0,0,0,0,0,0,0,0,0,0,0,0,0,0,0,0,0,0,0,0,0,0,0,0,0,0,0,0,0,0,"43"
"4301010401",0,0,0,0,0,0,0,0,0,0,0,0,0,0,0,0,0,0,0,0,0,0,0,0,0,0,0,0,0,0,0,0,0,0,0,0,0,0,0,0,0,"43"
"4301010601",6,16,0,0,0,0,0,0,0,0,0,0,0,0,0,0,0,0,0,0,0,0,0,0,0,0,0,0,0,0,0,0,0,0,0,0,0,0,0,0,0,"43"
"4301010701",0,0,0,0,0,0,0,0,0,0,0,0,0,0,0,0,0,0,0,0,0,0,0,0,0,0,0,0,0,0,0,0,0,0,0,0,0,0,0,0,0,"43"
"4301010901",0,0,0,0,0,0,0,0,0,0,0,0,0,0,0,0,0,0,0,0,0,0,0,0,0,0,0,0,0,0,0,0,0,0,0,0,0,0,0,0,0,"43"
"4301011001",0,0,0,0,0,0,0,0,0,0,0,0,0,0,0,0,0,0,0,0,0,0,0,0,0,0,0,0,0,0,0,0,0,0,0,0,0,0,0,0,0,"43"
"4301011101",0,0,0,0,0,0,0,0,0,0,0,0,0,0,0,0,0,0,0,0,0,0,0,0,0,0,0,0,0,0,0,0,0,0,0,0,0,0,0,0,0,"43"
"4301011201",0,0,0,0,0,0,0,0,0,0,0,0,0,0,0,0,0,0,0,0,0,0,0,0,0,0,0,0,0,0,0,0,0,0,0,0,0,0,0,0,0,"43"
"4301011301",0,0,0,0,0,0,0,0,0,0,0,0,0,0,0,0,0,0,0,0,0,0,0,0,0,0,0,0,0,0,0,0,0,0,0,0,0,0,0,0,0,"43"
"4301011401",1,1,1,1,1,0,0,0,0,0.43859649122807,0,0,0,0,0,0,1,0,0,0,0,0,0,0,0,0,0,0,0,0,0,0,0,0,0,1,0,0,0,0,0,"43"
"4301011501",2,4,0,0,0,0,0,0,0,0,0,0,0,0,0,0,0,0,0,0,0,0,0,0,0,0,0,0,0,0,0,0,0,0,0,0,0,0,0,0,0,"43"
"4301011601",3,12,1,1,0,0,1,1,0,0.172117039586919,0,0,0,0,0,0,0,0,0,0,0,0,0,0,0,0,0,0,1,0,1,0,0,0,0,0,0,0,0,0,0,"43"
"4301011701",0,0,0,0,0,0,0,0,0,0,0,0,0,0,0,0,0,0,0,0,0,0,0,0,0,0,0,0,0,0,0,0,0,0,0,0,0,0,0,0,0,"43"
"4301020101",32,162,30,23,0,0,0,23,0,3.78912685337726,0,0,0,0,0,0,0,0,0,0,0,0,0,0,0,0,0,0,0,8,18,0,15,7,7,0,0,0,0,0,0,"43"
"4301020201",0,0,0,0,0,0,0,0,0,0,0,0,0,0,0,0,0,0,0,0,0,0,0,0,0,0,0,0,0,0,0,0,0,0,0,0,0,0,0,0,0,"43"
"4301020301",0,0,0,0,0,0,0,0,0,0,0,0,0,0,0,0,0,0,0,0,0,0,0,0,0,0,0,0,0,0,0,0,0,0,0,0,0,0,0,0,0,"43"
"4301020401",53,168,25,22,6,11,3,8,0,3.00957592339261,0,0,0,1,1,2,5,3,2,2,9,0,3,0,0,0,0,0,3,7,6,0,18,4,4,0,0,0,0,0,0,"43"
"4301020501",0,0,0,0,0,0,0,0,0,0,0,0,0,0,0,0,0,0,0,0,0,0,0,0,0,0,0,0,0,0,0,0,0,0,0,0,0,0,0,0,0,"43"
"4301020601",2,6,1,1,0,0,1,0,0,0.224719101123596,0,0,0,0,0,0,0,0,0,0,0,0,0,0,0,0,0,0,1,0,0,0,0,1,1,0,0,0,0,0,0,"43"
"4301020701",0,0,0,0,0,0,0,0,0,0,0,0,0,0,0,0,0,0,0,0,0,0,0,0,0,0,0,0,0,0,0,0,0,0,0,0,0,0,0,0,0,"43"
"4301020901",5,21,5,5,2,0,0,3,0,1.26903553299492,0,0,0,1,1,0,0,0,0,0,0,0,0,0,0,0,0,0,0,1,3,0,0,1,1,0,0,0,0,0,0,"43"
"4301030101",0,0,0,0,0,0,0,0,0,0,0,0,0,0,0,0,0,0,0,0,0,0,0,0,0,0,0,0,0,0,0,0,0,0,0,0,0,0,0,0,0,"43"
"4301030201",0,0,0,0,0,0,0,0,0,0,0,0,0,0,0,0,0,0,0,0,0,0,0,0,0,0,0,0,0,0,0,0,0,0,0,0,0,0,0,0,0,"43"
"4301030301",1,1,0,0,0,0,0,0,0,0,0,0,0,0,0,0,0,0,0,0,0,0,0,0,0,0,0,0,0,0,0,0,0,0,0,0,0,0,0,0,0,"43"
"4301030401",1,5,1,0,0,0,0,0,0,0,0,0,0,0,0,0,0,0,0,0,0,0,0,0,0,0,0,0,0,0,0,0,0,0,0,0,0,0,0,0,0,"43"
"4301030402",15,41,11,9,0,0,0,9,0,2.83018867924528,0,0,0,0,0,1,0,0,0,0,0,0,0,0,0,0,0,0,0,5,9,0,6,5,1,0,0,0,0,0,0,"43"
"4301030501",1,1,0,0,0,0,0,0,0,0,0,0,0,0,0,0,0,0,0,0,0,0,0,0,0,0,0,0,0,0,0,0,0,0,0,0,0,0,0,0,0,"43"
"4301030601",4,20,3,3,0,0,2,1,0,0.38265306122449,0,0,0,0,0,0,0,0,0,0,0,0,0,0,0,2,0,0,0,0,0,1,0,1,1,0,0,0,0,0,0,"43"
"4301030701",3,15,4,3,0,0,3,0,0,0.66815144766147,0,0,0,0,0,0,0,0,0,0,0,0,0,0,0,3,0,0,0,0,0,0,2,0,0,0,0,0,0,0,0,"43"
"4301030801",0,0,0,0,0,0,0,0,0,0,0,0,0,0,0,0,0,0,0,0,0,0,0,0,0,0,0,0,0,0,0,0,0,0,0,0,0,0,0,0,0,"43"
"4301030901",9,39,12,11,0,2,0,9,0,1.03969754253308,0,0,0,0,0,0,0,1,0,1,0,0,0,0,0,0,0,0,0,3,6,0,8,1,9,0,0,0,0,0,0,"43"
"4301031001",0,0,0,0,0,0,0,0,0,0,0,0,0,0,0,0,0,0,0,0,0,0,0,0,0,0,0,0,0,0,0,0,0,0,0,0,0,0,0,0,0,"43"
"4301031101",6,22,2,1,0,0,0,1,0,0.18018018018018,0,0,0,0,0,0,0,0,0,0,0,0,0,0,0,0,0,0,0,1,1,0,0,1,1,0,0,0,0,0,0,"43"
"4301031201",1,4,0,0,0,0,0,0,0,0,0,0,0,0,0,0,0,0,0,0,0,0,0,0,0,0,0,0,0,0,0,0,0,0,0,0,0,0,0,0,0,"43"
"4301040101",3,16,4,4,0,0,0,4,0,1.99004975124378,0,0,0,0,0,0,0,0,0,0,0,0,0,0,0,0,0,0,0,3,4,0,1,4,3,0,0,0,0,0,0,"43"
"4301040102",0,0,0,0,0,0,0,0,0,0,0,0,0,0,0,0,0,0,0,0,0,0,0,0,0,0,0,0,0,0,0,0,0,0,0,0,0,0,0,0,0,"43"
"4301040201",1,7,0,0,0,0,0,0,0,0,0,0,0,0,0,0,0,0,0,0,0,0,0,0,0,0,0,0,0,0,0,0,0,0,0,0,0,0,0,0,0,"43"
"4301040301",4,20,6,2,0,0,0,2,0,0.33003300330033,0,0,0,0,0,0,0,0,0,0,0,0,0,0,0,0,0,0,0,0,2,0,0,2,2,0,0,0,0,0,0,"43"
"4301040401",1,6,1,1,0,0,0,1,0,0.288184438040346,0,0,0,0,0,0,0,0,0,0,0,0,0,0,0,0,0,0,0,0,1,0,1,0,0,0,0,0,0,0,0,"43"
"4301040501",0,0,0,0,0,0,0,0,0,0,0,0,0,0,0,0,0,0,0,0,0,0,0,0,0,0,0,0,0,0,0,0,0,0,0,0,0,0,0,0,0,"43"
"4301040601",1,4,2,1,0,0,0,1,0,0.181818181818182,0,0,0,0,0,0,0,0,0,0,0,0,0,0,0,0,0,0,0,1,1,0,0,0,0,0,0,0,0,0,0,"43"
"4301040701",0,0,0,0,0,0,0,0,0,0,0,0,0,0,0,0,0,0,0,0,0,0,0,0,0,0,0,0,0,0,0,0,0,0,0,0,0,0,0,0,0,"43"
"4301040702",0,0,0,0,0,0,0,0,0,0,0,0,0,0,0,0,0,0,0,0,0,0,0,0,0,0,0,0,0,0,0,0,0,0,0,0,0,0,0,0,0,"43"
"4301050101",41,155,34,27,0,0,0,27,0,7.06806282722513,0,0,0,0,0,0,0,0,0,0,0,0,0,0,0,0,0,0,0,11,21,2,7,11,11,0,0,0,0,0,0,"43"
"4301050201",15,32,13,9,0,0,0,9,0,2.75229357798165,0,0,0,0,0,0,0,0,0,0,0,0,0,0,0,0,0,0,0,4,7,0,7,4,4,0,0,0,0,0,0,"43"
"4301050301",19,63,20,16,0,0,0,16,0,5.14469453376206,0,0,0,0,0,0,0,0,0,0,0,0,0,0,0,0,0,0,0,3,12,2,2,3,3,0,0,0,0,0,0,"43"
"4301050401",8,35,12,11,1,0,1,9,0,1.53203342618384,0,0,0,1,0,0,0,0,0,0,0,0,0,0,0,0,0,0,1,2,3,4,3,0,3,0,0,0,0,0,0,"43"
"4301050501",6,14,6,4,0,0,0,4,0,1.15606936416185,0,0,0,0,0,0,0,0,0,0,0,0,0,0,0,0,0,0,0,2,4,0,0,0,0,0,0,0,0,0,0,"43"
"4301050601",42,146,41,36,0,0,1,35,0,6.29370629370629,0,0,0,0,0,0,0,0,0,0,0,0,0,0,0,0,0,0,1,20,20,2,29,18,18,0,0,0,0,0,0,"43"
"4301050701",47,119,50,37,0,0,0,37,0,10.9144542772861,0,0,0,0,0,5,0,0,0,0,0,0,0,0,0,0,0,0,0,11,29,0,26,3,15,0,0,0,0,0,0,"43"
"4301050801",10,19,6,5,0,0,0,5,0,1.80505415162455,0,0,0,0,0,0,0,0,0,0,0,0,0,0,0,0,0,0,0,2,2,1,0,2,1,0,0,0,0,0,0,"43"
"4301060101",7,34,2,1,0,0,0,1,0,0.153609831029186,0,0,0,0,0,0,0,0,0,0,0,0,0,0,0,0,0,0,0,0,0,1,0,0,0,0,0,0,0,0,0,"43"
"4301060201",0,0,0,0,0,0,0,0,0,0,0,0,0,0,0,0,0,0,0,0,0,0,0,0,0,0,0,0,0,0,0,0,0,0,0,0,0,0,0,0,0,"43"
"4301060301",0,0,0,0,0,0,0,0,0,0,0,0,0,0,0,0,0,0,0,0,0,0,0,0,0,0,0,0,0,0,0,0,0,0,0,0,0,0,0,0,0,"43"
"4301060401",1,1,0,0,0,0,0,0,0,0,0,0,0,0,0,0,0,0,0,0,0,0,0,0,0,0,0,0,0,0,0,0,0,0,0,0,0,0,0,0,0,"43"
"4301060501",3,8,1,1,0,0,0,1,0,0.15748031496063,0,0,0,0,0,0,0,0,0,0,0,0,0,0,0,0,0,0,0,0,0,1,1,1,1,0,0,0,0,0,0,"43"
"4301060601",0,0,0,0,0,0,0,0,0,0,0,0,0,0,0,0,0,0,0,0,0,0,0,0,0,0,0,0,0,0,0,0,0,0,0,0,0,0,0,0,0,"43"
"4301060701",1,6,2,0,0,0,0,0,0,0,0,0,0,0,0,0,0,0,0,0,0,0,0,0,0,0,0,0,0,0,0,0,0,0,0,0,0,0,0,0,0,"43"
"4301060801",0,0,0,0,0,0,0,0,0,0,0,0,0,0,0,0,0,0,0,0,0,0,0,0,0,0,0,0,0,0,0,0,0,0,0,0,0,0,0,0,0,"43"
"4301060901",3,17,4,3,0,0,3,0,0,0.392156862745098,0,0,0,0,0,0,0,0,0,0,0,0,0,0,0,3,0,0,0,0,0,0,0,0,0,0,0,0,0,0,0,"43"
"4301061001",2,5,0,0,0,0,0,0,0,0,0,0,0,0,0,0,0,0,0,0,0,0,0,0,0,0,0,0,0,0,0,0,0,0,0,0,0,0,0,0,0,"43"
"4301061101",0,0,0,0,0,0,0,0,0,0,0,0,0,0,0,0,0,0,0,0,0,0,0,0,0,0,0,0,0,0,0,0,0,0,0,0,0,0,0,0,0,"43"
"4301061201",1,1,0,0,0,0,0,0,0,0,0,0,0,0,0,0,0,0,0,0,0,0,0,0,0,0,0,0,0,0,0,0,0,0,0,0,0,0,0,0,0,"43"
"4301061301",15,40,5,5,4,2,0,1,0,2.73224043715847,0,0,0,3,4,0,0,0,0,0,2,0,0,0,0,0,0,0,0,0,0,1,1,4,3,0,0,0,0,0,0,"43"
"4301061401",0,0,0,0,0,0,0,0,0,0,0,0,0,0,0,0,0,0,0,0,0,0,0,0,0,0,0,0,0,0,0,0,0,0,0,0,0,0,0,0,0,"43"
"4301070101",0,0,0,0,0,0,0,0,0,0,0,0,0,0,0,0,0,0,0,0,0,0,0,0,0,0,0,0,0,0,0,0,0,0,0,0,0,0,0,0,0,"43"
"4301070201",1,2,1,1,0,1,0,0,0,0.16366612111293,0,0,0,0,0,0,0,0,0,0,1,0,0,0,0,0,0,0,0,0,0,0,1,0,0,0,0,0,0,0,0,"43"
"4301070301",1,1,0,0,0,0,0,0,0,0,0,0,0,0,0,0,0,0,0,0,0,0,0,0,0,0,0,0,0,0,0,0,0,0,0,0,0,0,0,0,0,"43"
"4301070401",1,1,1,1,0,0,0,1,0,0.218340611353712,0,0,0,0,0,0,0,0,0,0,0,0,0,0,0,0,0,0,0,0,0,1,1,0,0,0,0,0,0,0,0,"43"
"4301070501",4,5,2,1,0,0,1,0,0,0.374531835205993,0,0,0,0,0,0,0,0,0,0,0,0,0,0,0,1,0,0,0,0,0,0,1,0,0,0,0,0,0,0,0,"43"
"4301070502",0,0,0,0,0,0,0,0,0,0,0,0,0,0,0,0,0,0,0,0,0,0,0,0,0,0,0,0,0,0,0,0,0,0,0,0,0,0,0,0,0,"43"
"4301070601",4,10,1,1,0,0,0,1,0,0.120048019207683,0,0,0,0,0,0,0,0,0,0,0,0,0,0,0,0,0,0,0,0,0,1,1,0,0,0,0,0,0,0,0,"43"
"4301070701",0,0,0,0,0,0,0,0,0,0,0,0,0,0,0,0,0,0,0,0,0,0,0,0,0,0,0,0,0,0,0,0,0,0,0,0,0,0,0,0,0,"43"
"4301070801",6,27,6,6,1,0,4,1,0,2.01342281879195,0,0,0,0,1,0,0,0,0,0,0,0,0,0,0,4,0,0,0,0,0,1,6,0,0,0,0,0,0,0,0,"43"
"4301070901",0,0,0,0,0,0,0,0,0,0,0,0,0,0,0,0,0,0,0,0,0,0,0,0,0,0,0,0,0,0,0,0,0,0,0,0,0,0,0,0,0,"43"
"4301071001",57,166,39,33,15,16,1,13,0,8.84718498659517,0,0,0,6,11,8,3,1,0,0,16,5,9,0,0,0,0,0,1,7,10,0,12,13,9,4,3,0,0,0,3,"43"
"4301071101",4,23,3,3,0,0,3,0,0,0.890207715133531,0,0,0,0,0,0,0,0,0,0,0,0,0,0,0,3,0,0,0,0,0,0,3,0,0,0,0,0,0,0,0,"43"
"4301071102",0,0,0,0,0,0,0,0,0,0,0,0,0,0,0,0,0,0,0,0,0,0,0,0,0,0,0,0,0,0,0,0,0,0,0,0,0,0,0,0,0,"43"
"4301071103",2,6,1,1,0,0,0,1,0,0.244498777506112,0,0,0,0,0,0,0,0,0,0,0,0,0,0,0,0,0,0,0,0,1,0,0,0,0,0,0,0,0,0,0,"43"
"4301071201",3,26,7,6,0,0,6,0,0,7.89473684210526,0,0,0,0,0,0,0,0,0,0,0,0,0,0,0,6,0,0,0,0,0,0,0,5,6,0,0,0,0,0,0,"43"
"4301071202",1,3,0,0,0,0,0,0,0,0,0,0,0,0,0,0,0,0,0,0,0,0,0,0,0,0,0,0,0,0,0,0,0,0,0,0,0,0,0,0,0,"43"
"4301071301",3,7,2,0,0,0,0,0,0,0,0,0,0,0,0,0,0,0,0,0,0,0,0,0,0,0,0,0,0,0,0,0,0,0,0,0,0,0,0,0,0,"43"
"4301071302",5,12,1,1,0,1,0,0,0,0.581395348837209,0,0,0,0,0,0,0,0,0,1,1,0,0,0,0,0,0,0,0,0,0,0,1,0,0,0,0,0,0,0,0,"43"
"4301071401",1,5,1,1,0,0,1,0,0,0.29673590504451,0,0,0,0,0,0,0,0,0,0,0,0,0,0,0,1,0,0,0,0,0,0,1,0,0,0,0,0,0,0,0,"43"
"4301071501",1,1,0,0,0,0,0,0,0,0,0,0,0,0,0,0,0,0,0,0,0,0,0,0,0,0,0,0,0,0,0,0,0,0,0,0,0,0,0,0,0,"43"
"4301071601",3,5,1,1,0,1,0,0,0,0.4149377593361,0,0,0,0,0,0,0,0,0,0,1,0,0,0,0,0,0,0,0,0,0,0,1,0,0,0,0,0,0,0,0,"43"
"4301080101",9,48,12,12,0,0,12,0,0,2.89855072463768,0,0,0,0,0,0,0,0,0,0,0,0,0,0,0,12,0,0,0,0,0,0,0,3,8,0,0,0,0,0,0,"43"
"4301080201",20,90,24,19,0,0,19,0,0,2.7536231884058,0,0,0,0,0,0,0,0,0,0,0,0,0,0,0,19,0,0,0,0,0,0,0,10,4,0,0,0,0,0,0,"43"
"4301080301",4,24,2,2,0,0,2,0,0,0.537634408602151,0,0,0,0,0,0,0,0,0,0,0,0,0,0,0,2,0,0,0,0,0,0,0,1,0,0,0,0,0,0,0,"43"
"4301080401",3,13,4,4,0,0,4,0,0,2.02020202020202,0,0,0,0,0,0,0,0,0,0,0,0,0,0,0,4,0,0,0,0,0,0,0,0,0,0,0,0,0,0,0,"43"
"4301080501",2,9,2,2,0,0,2,0,0,1.38888888888889,0,0,0,0,0,0,0,0,0,0,0,0,0,0,0,2,0,0,0,0,0,0,0,2,2,0,0,0,0,0,0,"43"
"4301080601",9,51,17,14,0,0,14,0,0,3.83561643835616,0,0,0,0,0,0,0,0,0,0,0,0,0,0,0,14,0,0,0,0,0,0,0,0,0,0,0,0,0,0,0,"43"
"4301080701",7,35,10,6,0,0,6,0,0,1.9672131147541,0,0,0,0,0,0,0,0,0,0,0,0,0,0,0,6,0,0,0,0,0,0,0,4,5,0,0,0,0,0,0,"43"
"4301080801",9,38,15,11,0,0,11,0,0,3.61842105263158,0,0,0,0,0,0,0,0,0,0,0,0,0,0,0,11,0,0,0,0,0,0,0,4,5,0,0,0,0,0,0,"43"
"4301090101",19,82,19,16,0,0,16,0,0,3.40425531914894,0,0,0,0,0,0,0,0,0,0,0,0,0,0,0,16,0,0,0,0,0,0,0,9,15,0,0,0,0,0,0,"43"
"4301090201",8,49,5,4,0,0,4,0,0,1.0443864229765,0,0,0,0,0,0,0,0,0,0,0,0,0,0,0,4,0,0,0,0,0,0,0,1,0,0,0,0,0,0,0,"43"
"4301090301",2,11,1,1,0,0,1,0,0,0.813008130081301,0,0,0,0,0,0,0,0,0,0,0,0,0,0,0,1,0,0,0,0,0,0,0,0,0,0,0,0,0,0,0,"43"
"4301090401",17,69,27,20,0,0,20,0,0,3.91389432485323,0,0,0,0,0,0,0,0,0,0,0,0,0,0,0,20,0,0,0,0,0,0,0,8,10,0,0,0,0,0,0,"43"
"4301090501",13,47,14,8,0,0,8,0,0,2.25352112676056,0,0,0,0,0,0,0,0,0,0,0,0,0,0,0,8,0,0,0,0,0,0,0,0,0,0,0,0,0,0,0,"43"
"4301090601",5,24,7,3,0,0,3,0,0,1.46341463414634,0,0,0,0,0,0,0,0,0,0,0,0,0,0,0,3,0,0,0,0,0,0,0,0,0,0,0,0,0,0,0,"43"
"4301090701",12,50,17,10,0,0,10,0,0,2.3094688221709,0,0,0,0,0,0,0,0,0,0,0,0,0,0,0,10,0,0,0,0,0,0,0,7,6,0,0,0,0,0,0,"43"
"4301090801",7,39,6,4,0,0,4,0,0,1.10497237569061,0,0,0,0,0,0,0,0,0,0,0,0,0,0,0,4,0,0,0,0,0,0,0,0,0,0,0,0,0,0,0,"43"
"4301090901",3,14,8,6,0,0,6,0,0,2.12014134275618,0,0,0,0,0,0,0,0,0,0,0,0,0,0,0,6,0,0,0,0,0,0,0,2,4,0,0,0,0,0,0,"43"
"4301091001",7,24,8,8,0,0,8,0,0,3.29218106995885,0,0,0,0,0,0,0,0,0,0,0,0,0,0,0,8,0,0,0,0,0,0,0,3,3,0,0,0,0,0,0,"43"
"4301091101",5,20,2,0,0,0,0,0,0,0,0,0,0,0,0,0,0,0,0,0,0,0,0,0,0,0,0,0,0,0,0,0,0,0,0,0,0,0,0,0,0,"43"
"4301091201",8,35,10,8,0,0,8,0,0,2.67558528428094,0,0,0,0,0,0,0,0,0,0,0,0,0,0,0,8,0,0,0,0,0,0,0,0,3,0,0,0,0,0,0,"43"
"4301091301",9,48,9,8,0,0,8,0,0,2.41691842900302,0,0,0,0,0,0,0,0,0,0,0,0,0,0,0,8,0,0,0,0,0,0,0,0,0,0,0,0,0,0,0,"43"
"4301091401",5,20,8,7,0,0,7,0,0,3.39805825242718,0,0,0,0,0,0,0,0,0,0,0,0,0,0,0,7,0,0,0,0,0,0,0,5,4,0,0,0,0,0,0,"43"
"4301091501",1,4,0,0,0,0,0,0,0,0,0,0,0,0,0,0,0,0,0,0,0,0,0,0,0,0,0,0,0,0,0,0,0,0,0,0,0,0,0,0,0,"43"
"4301091601",6,35,6,4,0,0,4,0,0,1.22324159021407,0,0,0,0,0,0,0,0,0,0,0,0,0,0,0,4,0,0,0,0,0,0,0,0,0,0,0,0,0,0,0,"43"
"4301100101",9,28,4,2,0,0,2,0,0,0.45766590389016,0,0,0,0,0,0,0,0,0,0,0,0,0,0,0,2,0,0,0,0,0,0,0,0,0,0,0,0,0,0,0,"43"
"4301100201",19,103,34,24,0,0,24,0,0,2.90556900726392,0,0,0,0,0,0,0,0,0,0,0,0,0,0,0,24,0,0,0,0,0,0,0,0,0,0,0,0,0,0,0,"43"
"4301100301",11,58,12,9,0,1,7,1,0,1.78217821782178,0,0,0,0,0,0,0,0,0,0,1,0,0,0,0,7,0,0,0,0,0,1,2,0,0,0,0,0,0,0,0,"43"
"4301100401",9,32,9,7,0,0,7,0,0,1.68269230769231,0,0,0,0,0,0,0,0,0,0,0,0,0,0,0,7,0,0,0,0,0,0,0,0,0,0,0,0,0,0,0,"43"
"4301100501",10,41,19,14,0,0,14,0,0,2.38907849829352,0,0,0,0,0,0,0,0,0,0,0,0,0,0,0,14,0,0,0,0,0,0,0,0,0,0,0,0,0,0,0,"43"
"4301100602",18,87,11,6,0,0,4,2,0,1.84049079754601,0,0,0,0,0,0,0,0,0,0,0,0,0,0,0,4,2,0,0,0,2,0,0,2,2,0,0,0,0,0,0,"43"
"4301100701",10,25,8,6,0,0,6,0,0,1.34831460674157,0,0,0,0,0,0,0,0,0,0,0,0,0,0,0,6,0,0,0,0,0,0,0,0,0,0,0,0,0,0,0,"43"
"4301100801",5,25,2,1,0,0,1,0,0,0.662251655629139,0,0,0,0,0,0,0,0,0,0,0,0,0,0,0,1,0,0,0,0,0,0,0,0,0,0,0,0,0,0,0,"43"
"4301100802",67,296,74,57,4,0,9,48,0,7.07196029776675,0,0,0,0,0,0,4,0,0,0,0,0,0,0,0,7,0,0,2,32,23,1,0,0,0,0,0,0,0,0,0,"43"
"4301100901",4,15,3,3,0,0,3,0,0,1,0,0,0,0,0,0,0,0,0,0,0,0,0,0,0,3,0,0,0,0,0,0,0,0,0,0,0,0,0,0,0,"43"
"4301101001",13,53,8,7,0,0,7,0,0,2.28013029315961,0,0,0,0,0,0,0,0,0,0,0,0,0,0,0,7,0,0,0,0,0,0,0,0,0,0,0,0,0,0,0,"43"
"4301101002",9,36,7,7,0,0,0,7,0,1.64319248826291,0,0,0,0,0,0,0,0,0,0,0,0,0,0,0,0,0,0,0,0,7,0,1,0,0,0,0,0,0,0,0,"43"
"4301101101",4,14,0,0,0,0,0,0,0,0,0,0,0,0,0,0,0,0,0,0,0,0,0,0,0,0,0,0,0,0,0,0,0,0,0,0,0,0,0,0,0,"43"
"4301101102",10,41,7,5,0,0,3,2,0,1.22549019607843,0,0,0,0,0,0,0,0,0,0,0,0,0,0,0,3,0,0,0,0,2,0,0,0,0,0,0,0,0,0,0,"43"
"4301101201",2,6,3,1,0,0,0,1,0,0.657894736842105,0,0,0,0,0,0,0,0,0,0,0,0,0,0,0,0,0,0,0,0,0,1,1,1,1,0,0,0,0,0,0,"43"
"4301101202",10,21,5,4,1,1,1,1,0,1.0989010989011,0,0,0,0,0,0,1,0,0,0,1,0,0,0,0,1,0,0,0,0,1,0,3,0,0,0,0,0,0,0,0,"43"
"4301101301",12,39,6,6,0,2,1,3,0,3.75,0,0,0,0,0,0,0,2,0,0,0,0,0,0,0,1,0,0,0,2,3,0,5,3,2,0,0,0,0,0,0,"43"
"4301101302",18,93,21,16,0,0,7,10,0,3.93120393120393,0,0,0,0,0,0,0,0,0,0,0,0,0,0,0,6,1,0,0,9,1,0,5,1,1,0,0,0,0,0,0,"43"
"4301101401",2,11,4,2,0,0,0,2,0,2.98507462686567,0,0,0,0,0,0,0,0,0,0,0,1,0,0,0,0,0,0,0,2,0,0,0,2,2,0,0,0,0,0,0,"43"
"4301101402",22,95,17,11,1,0,4,7,0,5.31400966183575,0,0,0,1,0,0,0,0,0,0,0,0,0,0,0,4,0,0,0,2,5,0,1,0,0,0,0,0,0,0,0,"43"
"4301101501",16,46,22,17,0,12,0,5,0,8.94736842105263,0,0,0,0,0,0,0,1,1,1,12,0,0,0,0,0,0,0,0,3,0,2,12,9,10,0,0,0,0,0,0,"43"
"4301101601",3,11,5,2,0,0,2,0,0,0.386100386100386,0,0,0,0,0,0,0,0,0,0,0,0,0,0,0,2,0,0,0,0,0,0,0,0,0,0,0,0,0,0,0,"43"
"4301110101",1,5,2,2,0,0,2,0,0,0.408163265306122,0,0,0,0,0,0,0,0,0,0,0,0,0,0,0,2,0,0,0,0,0,0,0,0,0,0,0,0,0,0,0,"43"
"4301110201",0,0,0,0,0,0,0,0,0,0,0,0,0,0,0,0,0,0,0,0,0,0,0,0,0,0,0,0,0,0,0,0,0,0,0,0,0,0,0,0,0,"43"
"4301110301",0,0,0,0,0,0,0,0,0,0,0,0,0,0,0,0,0,0,0,0,0,0,0,0,0,0,0,0,0,0,0,0,0,0,0,0,0,0,0,0,0,"43"
"4301110401",0,0,0,0,0,0,0,0,0,0,0,0,0,0,0,0,0,0,0,0,0,0,0,0,0,0,0,0,0,0,0,0,0,0,0,0,0,0,0,0,0,"43"
"4301110501",1,1,1,1,0,0,0,1,0,0.288184438040346,0,0,0,0,0,0,0,0,0,0,0,0,0,0,0,0,0,0,0,0,0,1,1,0,0,0,0,0,0,0,0,"43"
"4301110601",0,0,0,0,0,0,0,0,0,0,0,0,0,0,0,0,0,0,0,0,0,0,0,0,0,0,0,0,0,0,0,0,0,0,0,0,0,0,0,0,0,"43"
"4301110701",0,0,0,0,0,0,0,0,0,0,0,0,0,0,0,0,0,0,0,0,0,0,0,0,0,0,0,0,0,0,0,0,0,0,0,0,0,0,0,0,0,"43"
"4301110801",1,2,0,0,0,0,0,0,0,0,0,0,0,0,0,0,0,0,0,0,0,0,0,0,0,0,0,0,0,0,0,0,0,0,0,0,0,0,0,0,0,"43"
"4301110901",0,0,0,0,0,0,0,0,0,0,0,0,0,0,0,0,0,0,0,0,0,0,0,0,0,0,0,0,0,0,0,0,0,0,0,0,0,0,0,0,0,"43"
"4301111001",0,0,0,0,0,0,0,0,0,0,0,0,0,0,0,0,0,0,0,0,0,0,0,0,0,0,0,0,0,0,0,0,0,0,0,0,0,0,0,0,0,"43"
"4301130101",1,6,2,2,0,0,0,2,0,0.60790273556231,0,0,0,0,0,0,0,0,0,0,0,0,0,0,0,0,0,0,0,0,0,2,0,0,0,0,0,0,0,0,2,"43"
"4301130201",1,3,0,0,0,0,0,0,0,0,0,0,0,0,0,0,0,0,0,0,0,0,0,0,0,0,0,0,0,0,0,0,0,0,0,0,0,0,0,0,0,"43"
"4301130301",0,0,0,0,0,0,0,0,0,0,0,0,0,0,0,0,0,0,0,0,0,0,0,0,0,0,0,0,0,0,0,0,0,0,0,0,0,0,0,0,0,"43"
"4301130401",1,3,0,0,0,0,0,0,0,0,0,0,0,0,0,0,0,0,0,0,0,0,0,0,0,0,0,0,0,0,0,0,0,0,0,0,0,0,0,0,0,"43"
"4301130501",9,28,9,6,1,0,0,5,0,1.1472275334608,0,0,0,0,1,0,0,0,0,0,0,0,0,0,0,0,0,0,0,0,0,5,1,1,1,0,0,0,0,0,0,"43"
"4301130601",1,4,1,1,0,0,0,1,0,0.205761316872428,0,0,0,0,0,0,0,0,0,0,0,0,0,0,0,0,0,0,0,0,0,1,0,0,0,0,0,0,0,0,0,"43"
"4301130701",2,2,0,0,0,0,0,0,0,0,0,0,0,0,0,0,0,0,0,0,0,0,0,0,0,0,0,0,0,0,0,0,0,0,0,0,0,0,0,0,0,"43"
"4301130801",3,14,3,3,0,0,0,3,0,0.441826215022091,0,0,0,0,0,0,0,0,0,0,0,0,0,0,0,0,0,0,0,0,0,3,0,0,0,0,0,0,0,0,0,"43"
"4301130901",7,22,9,8,0,0,0,8,0,0.921658986175115,0,0,0,0,0,0,0,0,0,0,0,0,0,0,0,0,0,0,0,0,0,8,3,0,0,0,0,0,0,0,0,"43"
"4301131001",6,27,10,8,0,3,3,3,0,1.65289256198347,0,0,0,0,0,0,0,2,0,0,1,0,0,0,0,3,0,0,0,0,0,3,1,1,1,0,0,0,0,2,0,"43"
"4301131101",0,0,0,0,0,0,0,0,0,0,0,0,0,0,0,0,0,0,0,0,0,0,0,0,0,0,0,0,0,0,0,0,0,0,0,0,0,0,0,0,0,"43"
"4301131201",8,38,8,7,0,1,0,6,0,2.14067278287462,0,0,0,0,0,0,0,0,0,0,1,0,0,0,0,0,0,0,0,0,0,6,0,0,0,0,0,0,0,0,0,"43"
"4301131301",1,3,0,0,0,0,0,0,0,0,0,0,0,0,0,0,0,0,0,0,0,0,0,0,0,0,0,0,0,0,0,0,0,0,0,0,0,0,0,0,0,"43"
"4301131401",2,6,3,2,0,0,0,2,0,0.4,0,0,0,0,0,0,0,0,0,0,0,0,0,0,0,0,0,0,0,0,0,2,0,0,0,0,0,0,0,0,0,"43"
"4301160101",0,0,0,0,0,0,0,0,0,0,0,0,0,0,0,0,0,0,0,0,0,0,0,0,0,0,0,0,0,0,0,0,0,0,0,0,0,0,0,0,0,"43"
"4301160201",0,0,0,0,0,0,0,0,0,0,0,0,0,0,0,0,0,0,0,0,0,0,0,0,0,0,0,0,0,0,0,0,0,0,0,0,0,0,0,0,0,"43"
"4301160202",0,0,0,0,0,0,0,0,0,0,0,0,0,0,0,0,0,0,0,0,0,0,0,0,0,0,0,0,0,0,0,0,0,0,0,0,0,0,0,0,0,"43"
"4301160301",0,0,0,0,0,0,0,0,0,0,0,0,0,0,0,0,0,0,0,0,0,0,0,0,0,0,0,0,0,0,0,0,0,0,0,0,0,0,0,0,0,"43"
"4301160401",0,0,0,0,0,0,0,0,0,0,0,0,0,0,0,0,0,0,0,0,0,0,0,0,0,0,0,0,0,0,0,0,0,0,0,0,0,0,0,0,0,"43"
"4301160501",0,0,0,0,0,0,0,0,0,0,0,0,0,0,0,0,0,0,0,0,0,0,0,0,0,0,0,0,0,0,0,0,0,0,0,0,0,0,0,0,0,"43"
"4301160502",1,2,0,0,0,0,0,0,0,0,0,0,0,0,0,0,0,0,0,0,0,0,0,0,0,0,0,0,0,0,0,0,0,0,0,0,0,0,0,0,0,"43"
"4301160601",1,1,0,0,0,0,0,0,0,0,0,0,0,0,0,0,0,0,0,0,0,0,0,0,0,0,0,0,0,0,0,0,0,0,0,0,0,0,0,0,0,"43"
"4301160701",0,0,0,0,0,0,0,0,0,0,0,0,0,0,0,0,0,0,0,0,0,0,0,0,0,0,0,0,0,0,0,0,0,0,0,0,0,0,0,0,0,"43"
"4301160801",0,0,0,0,0,0,0,0,0,0,0,0,0,0,0,0,0,0,0,0,0,0,0,0,0,0,0,0,0,0,0,0,0,0,0,0,0,0,0,0,0,"43"
"4301160901",0,0,0,0,0,0,0,0,0,0,0,0,0,0,0,0,0,0,0,0,0,0,0,0,0,0,0,0,0,0,0,0,0,0,0,0,0,0,0,0,0,"43"
"4301161001",1,4,1,1,0,0,0,1,0,0.571428571428571,0,0,0,0,0,0,0,0,0,0,0,0,0,0,0,0,0,0,0,0,0,1,0,0,0,0,0,0,0,0,0,"43"
"4301161002",0,0,0,0,0,0,0,0,0,0,0,0,0,0,0,0,0,0,0,0,0,0,0,0,0,0,0,0,0,0,0,0,0,0,0,0,0,0,0,0,0,"43"
"4301161101",1,1,0,0,0,0,0,0,0,0,0,0,0,0,0,0,0,0,0,0,0,0,0,0,0,0,0,0,0,0,0,0,0,0,0,0,0,0,0,0,0,"43"
"4301161201",0,0,0,0,0,0,0,0,0,0,0,0,0,0,0,0,0,0,0,0,0,0,0,0,0,0,0,0,0,0,0,0,0,0,0,0,0,0,0,0,0,"43"
"4301170101",0,0,0,0,0,0,0,0,0,0,0,0,0,0,0,0,0,0,0,0,0,0,0,0,0,0,0,0,0,0,0,0,0,0,0,0,0,0,0,0,0,"43"
"4301170201",1,1,0,0,0,0,0,0,0,0,0,0,0,0,0,0,0,0,0,0,0,0,0,0,0,0,0,0,0,0,0,0,0,0,0,0,0,0,0,0,0,"43"
"4301170301",2,13,4,3,0,0,3,0,0,0.429184549356223,0,0,0,0,0,0,0,0,0,0,0,0,0,0,0,3,0,0,0,0,0,0,0,0,0,0,0,0,0,0,0,"43"
"4301170401",1,1,1,0,0,0,0,0,0,0,0,0,0,0,0,0,0,0,0,0,0,0,0,0,0,0,0,0,0,0,0,0,0,0,0,0,0,0,0,0,0,"43"
"4301170501",16,87,20,14,14,0,0,0,0,3.18181818181818,0,0,0,0,0,0,14,0,0,0,0,0,0,0,0,0,0,0,0,0,0,0,0,0,0,0,0,0,0,0,0,"43"
"4301170601",35,188,33,25,0,0,1,25,0,5.60538116591928,0,0,0,0,0,0,0,0,0,0,0,0,0,0,0,0,0,0,1,10,22,0,1,22,9,0,0,0,0,0,0,"43"
"4301170701",0,0,0,0,0,0,0,0,0,0,0,0,0,0,0,0,0,0,0,0,0,0,0,0,0,0,0,0,0,0,0,0,0,0,0,0,0,0,0,0,0,"43"
"4301180101",3,8,4,3,2,1,0,0,0,0.547445255474453,0,0,0,2,0,0,0,0,0,0,1,0,0,0,0,0,0,0,0,0,0,0,3,0,0,0,0,0,0,0,0,"43"
"4301180201",1,8,0,0,0,0,0,0,0,0,0,0,0,0,0,0,0,0,0,0,0,0,0,0,0,0,0,0,0,0,0,0,0,0,0,0,0,0,0,0,0,"43"
"4301180301",0,0,0,0,0,0,0,0,0,0,0,0,0,0,0,0,0,0,0,0,0,0,0,0,0,0,0,0,0,0,0,0,0,0,0,0,0,0,0,0,0,"43"
"4301180401",1,5,1,1,1,0,0,0,0,0.203252032520325,0,0,0,1,0,0,0,0,0,0,0,0,0,0,0,0,0,0,0,0,0,0,1,0,0,0,0,0,0,0,0,"43"
"4301180501",0,0,0,0,0,0,0,0,0,0,0,0,0,0,0,0,0,0,0,0,0,0,0,0,0,0,0,0,0,0,0,0,0,0,0,0,0,0,0,0,0,"43"
"4301180601",0,0,0,0,0,0,0,0,0,0,0,0,0,0,0,0,0,0,0,0,0,0,0,0,0,0,0,0,0,0,0,0,0,0,0,0,0,0,0,0,0,"43"
"4301180602",0,0,0,0,0,0,0,0,0,0,0,0,0,0,0,0,0,0,0,0,0,0,0,0,0,0,0,0,0,0,0,0,0,0,0,0,0,0,0,0,0,"43"
"4301180701",1,5,0,0,0,0,0,0,0,0,0,0,0,0,0,0,0,0,0,0,0,0,0,0,0,0,0,0,0,0,0,0,0,0,0,0,0,0,0,0,0,"43"
"4301190101",0,0,0,0,0,0,0,0,0,0,0,0,0,0,0,0,0,0,0,0,0,0,0,0,0,0,0,0,0,0,0,0,0,0,0,0,0,0,0,0,0,"43"
"4301190201",7,26,11,8,7,1,0,0,0,1.95121951219512,0,0,0,0,7,0,0,0,0,0,1,0,0,0,0,0,0,0,0,0,0,0,0,2,0,0,0,0,0,0,0,"43"
"4301190301",18,45,20,15,15,0,0,0,0,14.018691588785,0,0,0,15,1,0,0,0,0,0,0,0,0,0,0,0,0,0,0,0,0,0,0,2,1,0,0,0,0,0,0,"43"
"4301190401",13,49,16,13,12,0,0,1,0,3.02325581395349,0,0,0,12,0,6,3,0,0,0,0,0,0,0,0,0,0,0,0,0,0,1,4,7,3,0,0,0,0,0,0,"43"
"4301190501",3,9,3,2,2,0,0,1,0,0.900900900900901,0,0,0,1,0,0,1,0,0,0,0,0,0,0,0,0,0,0,0,0,0,1,2,1,1,0,0,0,0,0,0,"43"
"4301190601",24,74,28,24,19,0,2,3,0,4.8582995951417,0,0,0,19,0,0,0,0,0,0,0,0,0,0,0,0,0,0,2,0,2,1,8,11,10,0,0,0,0,0,0,"43"
"4301190701",2,4,2,1,1,0,0,0,0,0.280898876404494,0,0,0,0,1,0,0,0,0,0,0,0,0,0,0,0,0,0,0,0,0,0,0,0,0,0,0,0,0,0,0,"43"
"4301190801",39,173,40,33,33,0,0,0,0,16.0194174757282,0,0,0,0,33,0,0,0,0,0,0,0,0,0,0,0,0,0,0,0,0,0,30,4,29,0,0,0,0,0,0,"43"
"4302010101",3,12,3,3,0,0,3,0,0,1.91082802547771,0,0,0,0,0,0,0,0,0,0,0,0,0,0,0,3,0,0,0,0,0,0,0,0,0,0,0,0,0,0,0,"43"
"4302010701",7,22,4,4,0,0,4,0,0,0.67911714770798,0,0,0,0,0,0,0,0,0,0,0,0,0,0,0,4,0,0,0,0,0,0,0,0,0,0,0,0,0,0,0,"43"
"4302011001",1,3,0,0,0,0,0,0,0,0,0,0,0,0,0,0,0,0,0,0,0,0,0,0,0,0,0,0,0,0,0,0,0,0,0,0,0,0,0,0,0,"43"
"4302011101",0,0,0,0,0,0,0,0,0,0,0,0,0,0,0,0,0,0,0,0,0,0,0,0,0,0,0,0,0,0,0,0,0,0,0,0,0,0,0,0,0,"43"
"4302011401",0,0,0,0,0,0,0,0,0,0,0,0,0,0,0,0,0,0,0,0,0,0,0,0,0,0,0,0,0,0,0,0,0,0,0,0,0,0,0,0,0,"43"
"4302020101",7,26,6,5,0,0,2,5,0,2.57731958762887,0,0,0,0,0,0,0,0,0,0,0,0,0,0,0,2,0,0,0,0,3,2,0,3,3,0,0,0,0,0,0,"43"
"4302020201",7,14,6,6,2,0,3,5,0,4.08163265306122,0,0,0,0,0,2,2,0,0,0,0,0,0,0,0,1,0,0,2,2,3,0,0,3,5,0,0,0,0,0,0,"43"
"4302020301",12,44,10,5,0,0,5,0,0,0.936329588014981,0,0,0,0,0,0,0,0,0,0,0,0,0,0,0,5,0,0,0,0,0,0,2,5,1,0,0,0,0,0,0,"43"
"4302020401",7,24,5,4,0,0,4,0,0,1.68067226890756,0,0,0,0,0,0,0,0,0,0,0,0,0,0,0,4,0,0,0,0,0,0,0,2,2,0,0,0,0,0,0,"43"
"4302020501",7,24,10,7,0,0,5,2,0,1.49892933618844,0,0,0,0,0,0,0,0,0,0,0,0,0,0,0,5,0,0,0,0,2,0,0,0,0,0,0,0,0,0,0,"43"
"4302020601",6,22,10,9,1,0,5,4,0,3.125,0,0,0,0,0,0,1,0,0,0,0,0,0,0,0,5,0,0,0,0,4,0,1,8,8,0,0,0,0,0,0,"43"
"4302020701",1,6,1,0,0,0,0,0,0,0,0,0,0,0,0,0,0,0,0,0,0,0,0,0,0,0,0,0,0,0,0,0,0,0,0,0,0,0,0,0,0,"43"
"4302020901",1,3,1,1,0,0,0,1,0,0.212314225053079,0,0,0,0,0,0,0,0,0,0,0,0,0,0,0,0,0,0,0,0,0,1,0,0,0,0,0,0,0,0,0,"43"
"4302021001",0,0,0,0,0,0,0,0,0,0,0,0,0,0,0,0,0,0,0,0,0,0,0,0,0,0,0,0,0,0,0,0,0,0,0,0,0,0,0,0,0,"43"
"4302021101",10,26,6,2,0,1,0,1,0,0.673400673400673,0,0,0,0,0,1,0,0,0,0,1,0,0,0,0,0,0,0,0,0,1,0,0,1,1,0,0,0,0,0,0,"43"
"4302021201",4,19,4,4,0,3,1,0,0,1.70212765957447,0,0,0,0,0,0,0,0,0,0,3,0,0,0,0,0,0,0,1,0,0,0,0,0,4,0,0,0,0,0,0,"43"
"4302021301",7,37,12,9,0,0,9,0,0,1.75438596491228,0,0,0,0,0,0,0,0,0,0,0,0,0,0,0,9,0,0,0,0,0,0,4,0,0,0,0,0,0,0,0,"43"
"4302030101",7,22,4,4,2,0,0,2,0,0.863930885529158,0,0,0,2,0,0,0,0,0,0,0,0,0,0,0,0,0,0,0,0,0,2,0,0,0,0,0,0,0,0,0,"43"
"4302030201",0,0,0,0,0,0,0,0,0,0,0,0,0,0,0,0,0,0,0,0,0,0,0,0,0,0,0,0,0,0,0,0,0,0,0,0,0,0,0,0,0,"43"
"4302030301",7,40,11,9,0,0,9,0,0,1.2448132780083,0,0,0,0,0,0,0,0,0,0,0,0,0,0,0,9,0,0,0,0,0,0,0,0,0,0,0,0,0,0,0,"43"
"4302030401",0,0,0,0,0,0,0,0,0,0,0,0,0,0,0,0,0,0,0,0,0,0,0,0,0,0,0,0,0,0,0,0,0,0,0,0,0,0,0,0,0,"43"
"4302030501",0,0,0,0,0,0,0,0,0,0,0,0,0,0,0,0,0,0,0,0,0,0,0,0,0,0,0,0,0,0,0,0,0,0,0,0,0,0,0,0,0,"43"
"4302030601",0,0,0,0,0,0,0,0,0,0,0,0,0,0,0,0,0,0,0,0,0,0,0,0,0,0,0,0,0,0,0,0,0,0,0,0,0,0,0,0,0,"43"
"4302030701",0,0,0,0,0,0,0,0,0,0,0,0,0,0,0,0,0,0,0,0,0,0,0,0,0,0,0,0,0,0,0,0,0,0,0,0,0,0,0,0,0,"43"
"4302030801",3,19,9,7,0,0,4,3,0,3.60824742268041,0,0,0,0,0,0,0,0,0,0,0,0,0,0,0,4,0,0,0,0,0,3,0,4,3,0,0,0,0,0,0,"43"
"4302030901",0,0,0,0,0,0,0,0,0,0,0,0,0,0,0,0,0,0,0,0,0,0,0,0,0,0,0,0,0,0,0,0,0,0,0,0,0,0,0,0,0,"43"
"4302031001",0,0,0,0,0,0,0,0,0,0,0,0,0,0,0,0,0,0,0,0,0,0,0,0,0,0,0,0,0,0,0,0,0,0,0,0,0,0,0,0,0,"43"
"4302031101",0,0,0,0,0,0,0,0,0,0,0,0,0,0,0,0,0,0,0,0,0,0,0,0,0,0,0,0,0,0,0,0,0,0,0,0,0,0,0,0,0,"43"
"4302031201",0,0,0,0,0,0,0,0,0,0,0,0,0,0,0,0,0,0,0,0,0,0,0,0,0,0,0,0,0,0,0,0,0,0,0,0,0,0,0,0,0,"43"
"4302031301",2,6,0,0,0,0,0,0,0,0,0,0,0,0,0,0,0,0,0,0,0,0,0,0,0,0,0,0,0,0,0,0,0,0,0,0,0,0,0,0,0,"43"
"4302040101",10,49,16,13,0,0,13,0,0,2.59481037924152,0,0,0,0,0,0,0,0,0,0,0,0,0,0,0,13,0,0,0,0,0,0,3,4,4,0,0,0,0,0,0,"43"
"4302040201",8,34,4,3,0,0,3,0,0,0.564971751412429,0,0,0,0,0,0,0,0,0,0,0,0,0,0,0,3,0,0,0,0,0,0,3,1,2,0,0,0,0,0,0,"43"
"4302040301",3,16,6,5,0,0,5,0,0,0.99403578528827,0,0,0,0,0,0,0,0,0,0,0,0,0,0,0,5,0,0,0,0,0,0,0,5,1,0,0,0,0,0,0,"43"
"4302040401",19,29,16,10,9,0,1,0,0,2.11416490486258,0,0,0,0,0,0,9,0,0,0,0,0,0,0,0,1,0,0,0,0,0,0,4,0,2,0,0,0,0,0,0,"43"
"4302040501",7,23,8,7,2,0,5,0,0,2.14723926380368,0,0,0,0,0,0,2,0,0,0,0,0,0,0,0,5,0,0,0,0,0,0,0,4,4,0,0,0,0,0,0,"43"
"4302040601",13,64,21,13,0,0,8,5,0,2.71398747390397,0,0,0,0,0,0,0,0,0,0,0,0,0,0,0,8,0,0,0,0,0,5,3,2,0,0,0,0,0,0,0,"43"
"4302040701",7,27,11,7,2,0,5,0,0,1.23239436619718,0,0,0,0,0,0,2,0,0,0,0,0,0,0,0,5,0,0,0,0,0,0,2,2,1,0,0,0,0,0,0,"43"
"4302050101",3,11,4,4,0,0,4,0,0,0.909090909090909,0,0,0,0,0,0,0,0,0,0,0,0,0,0,0,4,0,0,0,0,0,0,0,0,0,0,0,0,0,0,0,"43"
"4302050201",1,6,2,1,0,0,1,0,0,0.123762376237624,0,0,0,0,0,0,0,0,0,0,0,0,0,0,0,1,0,0,0,0,0,0,0,0,0,0,0,0,0,0,0,"43"
"4302050301",2,5,2,1,0,0,1,0,0,0.2,0,0,0,0,0,0,0,0,0,0,0,0,0,0,0,1,0,0,0,0,0,0,0,0,0,0,0,0,0,0,0,"43"
"4302050401",0,0,0,0,0,0,0,0,0,0,0,0,0,0,0,0,0,0,0,0,0,0,0,0,0,0,0,0,0,0,0,0,0,0,0,0,0,0,0,0,0,"43"
"4302050501",0,0,0,0,0,0,0,0,0,0,0,0,0,0,0,0,0,0,0,0,0,0,0,0,0,0,0,0,0,0,0,0,0,0,0,0,0,0,0,0,0,"43"
"4302050601",2,8,4,4,0,0,4,0,0,1.30293159609121,0,0,0,0,0,0,0,0,0,0,0,0,0,0,0,4,0,0,0,0,0,0,0,0,0,0,0,0,0,0,0,"43"
"4302050701",3,14,7,6,0,0,6,0,0,1.875,0,0,0,0,0,0,0,0,0,0,0,0,0,0,0,6,0,0,0,0,0,0,0,0,0,0,0,0,0,0,0,"43"
"4302050801",1,5,1,0,0,0,0,0,0,0,0,0,0,0,0,0,0,0,0,0,0,0,0,0,0,0,0,0,0,0,0,0,0,0,0,0,0,0,0,0,0,"43"
"4302050901",5,21,7,4,0,0,4,0,0,0.732600732600733,0,0,0,0,0,0,0,0,0,0,0,0,0,0,0,4,0,0,0,0,0,0,0,0,0,0,0,0,0,0,0,"43"
"4302060101",0,0,0,0,0,0,0,0,0,0,0,0,0,0,0,0,0,0,0,0,0,0,0,0,0,0,0,0,0,0,0,0,0,0,0,0,0,0,0,0,0,"43"
"4302060201",0,0,0,0,0,0,0,0,0,0,0,0,0,0,0,0,0,0,0,0,0,0,0,0,0,0,0,0,0,0,0,0,0,0,0,0,0,0,0,0,0,"43"
"4302060301",0,0,0,0,0,0,0,0,0,0,0,0,0,0,0,0,0,0,0,0,0,0,0,0,0,0,0,0,0,0,0,0,0,0,0,0,0,0,0,0,0,"43"
"4302060401",0,0,0,0,0,0,0,0,0,0,0,0,0,0,0,0,0,0,0,0,0,0,0,0,0,0,0,0,0,0,0,0,0,0,0,0,0,0,0,0,0,"43"
"4302060501",0,0,0,0,0,0,0,0,0,0,0,0,0,0,0,0,0,0,0,0,0,0,0,0,0,0,0,0,0,0,0,0,0,0,0,0,0,0,0,0,0,"43"
"4302060601",0,0,0,0,0,0,0,0,0,0,0,0,0,0,0,0,0,0,0,0,0,0,0,0,0,0,0,0,0,0,0,0,0,0,0,0,0,0,0,0,0,"43"
"4302060701",0,0,0,0,0,0,0,0,0,0,0,0,0,0,0,0,0,0,0,0,0,0,0,0,0,0,0,0,0,0,0,0,0,0,0,0,0,0,0,0,0,"43"
"4302060801",0,0,0,0,0,0,0,0,0,0,0,0,0,0,0,0,0,0,0,0,0,0,0,0,0,0,0,0,0,0,0,0,0,0,0,0,0,0,0,0,0,"43"
"4302070101",3,13,2,1,0,0,1,0,0,0.169204737732657,0,0,0,0,0,0,0,0,0,0,0,0,0,0,0,1,0,0,0,0,0,0,0,0,0,0,0,0,0,0,0,"43"
"4302070201",9,40,6,6,0,0,6,0,0,0.940438871473354,0,0,0,0,0,0,0,0,0,0,0,0,0,0,0,6,0,0,0,0,0,0,3,3,1,0,0,0,0,0,0,"43"
"4302070301",17,76,14,10,0,0,10,0,0,1.18483412322275,0,0,0,0,0,0,0,0,0,0,0,0,0,0,0,10,0,0,0,0,0,0,4,2,4,0,0,0,0,0,0,"43"
"4302070401",21,101,11,10,0,0,9,1,0,1.64203612479475,0,0,0,0,0,0,0,0,0,0,0,0,0,0,0,9,0,0,0,0,0,1,4,3,5,0,0,0,0,0,0,"43"
"4302070501",11,50,13,7,0,0,7,0,0,1.54185022026432,0,0,0,0,0,0,0,0,0,0,0,0,0,0,0,7,0,0,0,0,0,0,0,0,0,0,0,0,0,0,0,"43"
"4302070601",8,28,12,9,0,0,9,0,0,2.05479452054794,0,0,0,0,0,0,0,0,0,0,0,0,0,0,0,9,0,0,0,0,0,0,9,2,0,0,0,0,0,0,0,"43"
"4302070701",8,29,11,7,0,0,6,1,0,1.44329896907216,0,0,0,0,0,0,0,0,0,0,0,0,0,0,0,6,0,0,0,0,0,1,1,2,1,0,0,0,0,0,0,"43"
"4302070801",0,0,0,0,0,0,0,0,0,0,0,0,0,0,0,0,0,0,0,0,0,0,0,0,0,0,0,0,0,0,0,0,0,0,0,0,0,0,0,0,0,"43"
"4302080101",10,46,4,1,0,0,1,0,0,0.22075055187638,0,0,0,0,0,0,0,0,0,0,0,0,0,0,0,1,0,0,0,0,0,0,0,0,1,0,0,0,0,0,0,"43"
"4302080201",10,49,18,13,0,0,13,0,0,3.15533980582524,0,0,0,0,0,0,0,0,0,0,0,0,0,0,0,13,0,0,0,0,0,0,2,6,7,0,0,0,0,0,0,"43"
"4302080301",4,15,4,4,0,0,3,1,0,1.12994350282486,0,0,0,0,0,0,0,0,0,0,0,0,0,0,0,3,0,0,0,0,0,1,3,1,1,0,0,0,0,0,0,"43"
"4302080401",4,25,6,4,0,1,3,0,0,1.26582278481013,0,0,0,0,0,0,0,0,0,0,1,0,0,0,0,3,0,0,0,0,0,0,3,0,1,0,0,0,0,0,0,"43"
"4302080501",12,45,7,5,0,0,5,0,0,1.17370892018779,0,0,0,0,0,0,0,0,0,0,0,0,0,0,0,5,0,0,0,0,0,0,0,5,1,0,0,0,0,0,0,"43"
"4302080601",12,39,14,12,0,0,12,0,0,2.75229357798165,0,0,0,0,0,0,0,0,0,0,0,0,0,0,0,12,0,0,0,0,0,0,2,2,5,0,0,0,0,0,0,"43"
"4302080701",2,8,3,3,0,0,3,0,0,2.63157894736842,0,0,0,0,0,0,0,0,0,0,0,0,0,0,0,3,0,0,0,0,0,0,2,0,1,0,0,0,0,0,0,"43"
"4302080801",9,36,2,1,0,0,1,0,0,0.308641975308642,0,0,0,0,0,0,0,0,0,0,0,0,0,0,0,1,0,0,0,0,0,0,1,1,1,0,0,0,0,0,0,"43"
"4302090101",1,3,1,1,0,0,1,0,0,1.28205128205128,0,0,0,0,0,0,0,0,0,0,0,0,0,0,0,1,0,0,0,0,0,0,1,0,0,0,0,0,0,0,0,"43"
"4302090301",0,0,0,0,0,0,0,0,0,0,0,0,0,0,0,0,0,0,0,0,0,0,0,0,0,0,0,0,0,0,0,0,0,0,0,0,0,0,0,0,0,"43"
"4302090401",10,39,9,6,0,0,6,0,0,1.27118644067797,0,0,0,0,0,0,0,0,0,0,0,0,0,0,0,6,0,0,0,0,0,0,6,2,1,0,0,0,0,0,0,"43"
"4302090501",4,27,5,5,0,0,4,1,0,1.77935943060498,0,0,0,0,0,0,0,0,0,0,0,0,0,0,0,4,0,0,0,0,0,1,0,5,5,0,0,0,0,0,0,"43"
"4302090601",8,40,6,6,0,0,6,0,0,1.14942528735632,0,0,0,0,0,0,0,0,0,0,0,0,0,0,0,6,0,0,0,0,0,0,0,4,1,0,0,0,0,0,0,"43"
"4302090701",5,18,7,7,0,0,7,0,0,4.11764705882353,0,0,0,0,0,0,0,0,0,0,0,0,0,0,0,7,0,0,0,0,0,0,4,1,0,0,0,0,0,0,0,"43"
"4302090901",8,46,7,4,0,0,4,0,0,1.26984126984127,0,0,0,0,0,0,0,0,0,0,0,0,0,0,0,4,0,0,0,0,0,0,1,0,0,0,0,0,0,0,0,"43"
"4302091001",0,0,0,0,0,0,0,0,0,0,0,0,0,0,0,0,0,0,0,0,0,0,0,0,0,0,0,0,0,0,0,0,0,0,0,0,0,0,0,0,0,"43"
"4302100101",3,13,3,3,0,0,3,0,0,1.23456790123457,0,0,0,0,0,0,0,0,0,0,0,0,0,0,0,3,0,0,0,0,0,0,0,0,0,0,0,0,0,0,0,"43"
"4302100201",19,90,23,20,0,0,18,2,0,4.31034482758621,0,0,0,0,0,0,0,0,0,0,0,0,0,0,0,18,0,0,0,0,0,2,0,0,0,0,0,0,0,0,0,"43"
"4302100301",11,45,8,4,0,0,4,0,0,0.847457627118644,0,0,0,0,0,0,0,0,0,0,0,0,0,0,0,4,0,0,0,0,0,0,0,0,0,0,0,0,0,0,0,"43"
"4302100401",10,42,4,3,0,0,3,0,0,0.967741935483871,0,0,0,0,0,0,0,0,0,0,0,0,0,0,0,3,0,0,0,0,0,0,0,0,0,0,0,0,0,0,0,"43"
"4302100501",14,56,11,10,0,0,9,3,0,2.18340611353712,0,0,0,0,0,0,0,0,0,0,0,0,0,0,0,9,0,0,0,0,0,3,0,0,0,0,0,0,0,0,0,"43"
"4302100601",6,20,5,2,0,0,0,2,0,0.917431192660551,0,0,0,0,0,0,0,0,0,0,0,0,0,0,0,0,0,0,0,0,0,2,0,0,0,0,0,0,0,0,0,"43"
"4302100701",14,71,22,20,0,0,17,3,0,4.3010752688172,0,0,0,0,0,0,0,0,0,0,0,0,0,0,0,17,0,0,0,0,0,3,4,0,0,0,0,0,0,0,0,"43"
"4302100801",2,8,3,2,0,0,2,0,0,0.442477876106195,0,0,0,0,0,0,0,0,0,0,0,0,0,0,0,2,0,0,0,0,0,0,0,0,0,0,0,0,0,0,0,"43"
"4302100901",7,32,9,7,0,0,7,0,0,1.53172866520788,0,0,0,0,0,0,0,0,0,0,0,0,0,0,0,7,0,0,0,0,0,0,0,0,0,0,0,0,0,0,0,"43"
"4302101001",15,48,12,7,0,0,7,0,0,1.88679245283019,0,0,0,0,0,0,0,0,0,0,0,0,0,0,0,7,0,0,0,0,0,0,0,0,0,0,0,0,0,0,0,"43"
"4302510101",11,50,11,11,1,0,10,0,0,2.27743271221532,0,0,0,0,0,0,1,0,0,0,0,0,0,0,0,10,0,0,0,0,0,0,0,5,2,0,0,0,0,0,0,"43"
"4302510201",5,16,3,2,0,1,1,0,0,0.862068965517241,0,0,0,0,0,0,0,0,0,0,1,0,0,0,0,1,0,0,0,0,0,0,0,1,1,0,0,0,0,0,0,"43"
"4302510301",5,20,3,3,0,0,0,3,0,0.326797385620915,0,0,0,0,0,0,0,0,0,0,0,0,0,0,0,0,0,0,0,0,0,3,3,0,0,0,0,0,0,0,0,"43"
"4302510401",1,9,0,0,0,0,0,0,0,0,0,0,0,0,0,0,0,0,0,0,0,0,0,0,0,0,0,0,0,0,0,0,0,0,0,0,0,0,0,0,0,"43"
"4302510501",10,58,18,16,0,0,15,1,0,2.39880059970015,0,0,0,0,0,0,0,0,0,0,0,0,0,0,0,15,0,0,0,0,0,1,0,0,0,0,0,0,0,0,0,"43"
"4302510601",3,21,2,2,0,0,2,0,0,0.483091787439614,0,0,0,0,0,0,0,0,0,0,0,0,0,0,0,2,0,0,0,0,0,0,0,0,0,0,0,0,0,0,0,"43"
"4302510701",0,0,0,0,0,0,0,0,0,0,0,0,0,0,0,0,0,0,0,0,0,0,0,0,0,0,0,0,0,0,0,0,0,0,0,0,0,0,0,0,0,"43"
"4302510801",0,0,0,0,0,0,0,0,0,0,0,0,0,0,0,0,0,0,0,0,0,0,0,0,0,0,0,0,0,0,0,0,0,0,0,0,0,0,0,0,0,"43"
"4302510901",3,16,6,5,0,0,4,1,0,2.46305418719212,0,0,0,0,0,0,0,0,0,0,0,0,0,0,0,4,0,0,0,0,0,1,0,1,0,0,0,0,0,0,0,"43"
"4302511001",1,3,0,0,0,0,0,0,0,0,0,0,0,0,0,0,0,0,0,0,0,0,0,0,0,0,0,0,0,0,0,0,0,0,0,0,0,0,0,0,0,"43"
"4302511101",1,2,0,0,0,0,0,0,0,0,0,0,0,0,0,0,0,0,0,0,0,0,0,0,0,0,0,0,0,0,0,0,0,0,0,0,0,0,0,0,0,"43"
"4302511201",0,0,0,0,0,0,0,0,0,0,0,0,0,0,0,0,0,0,0,0,0,0,0,0,0,0,0,0,0,0,0,0,0,0,0,0,0,0,0,0,0,"43"
"4302511301",7,30,3,2,0,0,2,0,0,0.298953662182362,0,0,0,0,0,0,0,0,0,0,0,0,0,0,0,2,0,0,0,0,0,0,0,0,0,0,0,0,0,0,0,"43"
"4302511401",1,1,0,0,0,0,0,0,0,0,0,0,0,0,0,0,0,0,0,0,0,0,0,0,0,0,0,0,0,0,0,0,0,0,0,0,0,0,0,0,0,"43"
"4302511501",4,9,1,0,0,0,0,0,0,0,0,0,0,0,0,0,0,0,0,0,0,0,0,0,0,0,0,0,0,0,0,0,0,0,0,0,0,0,0,0,0,"43"
"4302511601",12,45,8,7,0,0,1,7,0,1.20898100172712,0,0,0,0,0,0,0,0,0,0,0,0,0,0,0,1,0,0,0,0,0,7,0,0,0,0,0,0,0,0,0,"43"
"4302511701",1,3,1,1,0,0,0,1,0,0.200803212851406,0,0,0,0,0,0,0,0,0,0,0,0,0,0,0,0,0,0,0,0,0,1,0,0,0,0,0,0,0,0,0,"43"
"4302511801",1,2,0,0,0,0,0,0,0,0,0,0,0,0,0,0,0,0,0,0,0,0,0,0,0,0,0,0,0,0,0,0,0,0,0,0,0,0,0,0,0,"43"
"4302511901",2,6,3,3,0,0,2,1,0,0.892857142857143,0,0,0,0,0,0,0,0,0,0,0,0,0,0,0,2,0,0,0,0,0,1,0,0,0,0,0,0,0,0,0,"43"
"4302520101",17,69,12,8,0,0,8,0,0,1.69491525423729,0,0,0,0,0,0,0,0,0,0,0,0,0,0,0,8,0,0,0,0,0,0,4,6,6,0,0,0,0,0,0,"43"
"4302520201",10,42,12,9,0,0,9,0,0,3.7037037037037,0,0,0,0,0,0,0,0,0,0,0,0,0,0,0,9,0,0,0,0,0,0,9,2,4,0,0,0,0,0,0,"43"
"4302520301",17,78,10,6,0,0,5,1,0,0.884955752212389,0,0,0,0,0,0,0,0,0,0,0,0,0,0,0,5,0,0,0,0,0,1,1,4,2,0,0,0,0,0,0,"43"
"4302520401",13,62,10,8,0,0,8,0,0,1.29659643435981,0,0,0,0,0,0,0,0,0,0,0,0,0,0,0,8,0,0,0,0,0,0,4,5,3,0,0,0,0,0,0,"43"
"4302520501",1,6,0,0,0,0,0,0,0,0,0,0,0,0,0,0,0,0,0,0,0,0,0,0,0,0,0,0,0,0,0,0,0,0,0,0,0,0,0,0,0,"43"
"4302520601",5,25,3,2,0,0,2,0,0,0.492610837438424,0,0,0,0,0,0,0,0,0,0,0,0,0,0,0,2,0,0,0,0,0,0,0,0,0,0,0,0,0,0,0,"43"
"4305010101",9,31,2,2,0,0,2,0,0,0.195121951219512,0,0,0,0,0,0,0,0,0,0,0,0,0,0,0,2,0,0,0,0,0,0,0,0,0,0,0,0,0,0,0,"43"
"4305010201",11,40,10,6,0,0,4,2,0,0.924499229583975,0,0,0,0,0,0,0,0,0,0,0,0,0,0,0,4,0,0,0,0,0,2,0,0,0,0,0,0,0,0,0,"43"
"4305010301",3,10,1,1,0,0,0,1,0,0.285714285714286,0,0,0,0,0,0,0,0,0,0,0,0,0,0,0,0,0,0,0,0,0,1,0,0,0,0,0,0,0,0,0,"43"
"4305010401",22,95,19,12,0,0,10,2,0,2.85035629453682,0,0,0,0,0,0,0,0,0,0,0,0,0,0,0,10,0,0,0,0,0,2,0,0,0,0,0,0,0,0,0,"43"
"4305010501",5,11,2,1,0,0,1,0,0,0.277008310249307,0,0,0,0,0,0,0,0,0,0,0,0,0,0,0,1,0,0,0,0,0,0,0,0,0,0,0,0,0,0,0,"43"
"4305010601",75,277,81,58,50,3,2,28,0,14.6095717884131,0,0,0,2,48,0,0,0,0,0,3,0,3,0,0,2,0,0,0,2,24,9,8,41,44,0,0,0,0,0,6,"43"
"4305010701",14,44,16,13,0,0,7,6,0,2.88888888888889,0,0,0,0,0,0,0,0,0,0,0,0,0,0,0,7,0,0,0,0,0,6,0,0,0,0,0,0,0,0,0,"43"
"4305010801",9,60,8,6,0,0,6,1,0,1.82926829268293,0,0,0,0,0,0,0,0,0,0,0,0,0,0,0,6,0,0,0,0,0,1,0,5,4,0,0,0,0,0,0,"43"
"4305010901",5,32,2,2,0,0,2,0,0,0.813008130081301,0,0,0,0,0,0,0,0,0,0,0,0,0,0,0,2,0,0,0,0,0,0,0,0,0,0,0,0,0,0,0,"43"
"4305011001",73,222,50,37,8,4,5,29,0,7.88912579957356,0,0,0,6,2,0,0,0,0,0,4,0,5,0,0,5,0,0,0,12,19,0,0,30,26,0,0,0,0,0,0,"43"
"4305011101",34,116,36,32,12,0,7,18,0,7.39030023094688,0,0,0,10,7,2,2,0,0,0,0,0,0,0,0,4,0,0,3,11,7,2,11,22,21,2,0,0,0,0,1,"43"
"4305011201",31,166,39,38,5,0,18,21,0,7.67676767676768,0,0,1,3,2,0,0,0,0,0,0,0,2,1,0,13,0,0,5,6,6,9,6,21,27,0,0,0,0,0,2,"43"
"4305011301",1,4,1,0,0,0,0,0,0,0,0,0,0,0,0,0,0,0,0,0,0,0,0,0,0,0,0,0,0,0,0,0,0,0,0,0,0,0,0,0,0,"43"
"4305011401",4,30,8,8,0,0,6,2,0,2.01005025125628,0,0,0,0,0,0,0,0,0,0,0,0,0,0,0,6,0,0,0,0,0,2,0,0,0,0,0,0,0,0,0,"43"
"4305011501",13,42,8,5,0,0,0,5,0,3.42465753424658,0,0,0,0,0,0,0,0,0,0,0,0,0,0,0,0,0,0,0,1,4,0,1,3,3,0,0,0,0,0,0,"43"
"4305011601",7,13,5,4,1,0,2,1,0,2.56410256410256,0,0,0,0,1,0,0,0,0,0,0,0,0,0,0,2,0,0,0,0,0,1,4,0,0,0,0,0,0,0,0,"43"
"4305011701",4,8,3,3,0,0,0,3,0,3,0,0,0,0,0,0,0,0,0,0,0,0,0,0,0,0,0,0,0,0,0,3,1,0,2,0,0,0,0,0,0,"43"
"4305011801",15,46,12,11,6,2,5,0,0,3.74149659863946,0,0,0,1,4,0,1,0,0,0,2,0,0,0,0,2,0,0,3,0,0,0,5,5,5,1,0,0,0,0,0,"43"
"4305011901",11,52,7,5,0,0,5,0,0,1.27877237851662,0,0,0,0,0,0,0,0,0,0,0,0,0,0,0,5,0,0,0,0,0,0,0,0,0,0,0,0,0,0,0,"43"
"4305012001",4,18,1,1,0,0,0,1,0,0.199600798403194,0,0,0,0,0,0,0,0,0,0,0,0,0,0,0,0,0,0,0,0,0,1,0,0,0,0,0,0,0,0,0,"43"
"4305012101",4,19,7,7,0,0,3,4,0,1.60183066361556,0,0,0,0,0,0,0,0,0,0,0,0,0,0,0,3,0,0,0,0,0,4,0,0,0,0,0,0,0,0,0,"43"
"4305012201",11,62,5,5,0,0,5,0,0,1.21951219512195,0,0,0,0,0,0,0,0,0,0,0,0,0,0,0,5,0,0,0,0,0,0,0,3,3,0,0,0,0,0,0,"43"
"4305012301",12,76,15,15,0,0,15,0,0,3.64963503649635,0,0,0,0,0,0,0,0,0,0,0,0,0,0,0,15,0,0,0,0,0,0,0,10,15,0,0,0,0,0,0,"43"
"4305012401",9,33,6,5,0,0,5,0,0,1.10619469026549,0,0,0,0,0,0,0,0,0,0,0,0,0,0,0,5,0,0,0,0,0,0,0,0,0,0,0,0,0,0,0,"43"
"4305012501",22,65,17,13,1,4,4,5,0,4.12698412698413,0,0,0,0,0,1,1,0,0,0,4,0,0,0,0,3,0,0,1,1,4,1,2,2,4,0,0,0,0,1,1,"43"
"4305012601",9,39,10,9,0,0,7,5,0,2.6865671641791,0,0,0,0,0,0,0,0,0,0,0,0,0,0,0,7,0,0,0,0,0,5,0,4,7,0,0,0,0,0,0,"43"
"4305020101",8,40,1,1,0,0,1,0,0,0.24330900243309,0,0,0,0,0,0,0,0,0,0,0,0,0,0,0,1,0,0,0,0,0,0,0,0,0,0,0,0,0,0,0,"43"
"4305020201",11,52,4,3,0,0,3,0,0,0.646551724137931,0,0,0,0,0,0,0,0,0,0,0,0,0,0,0,3,0,0,0,0,0,0,3,1,1,0,0,0,0,0,0,"43"
"4305020301",9,34,6,5,0,0,3,2,0,0.909090909090909,0,0,0,0,0,0,0,0,0,0,0,0,0,0,0,3,0,0,0,0,0,2,3,1,2,0,0,0,0,0,0,"43"
"4305020401",11,38,16,14,1,0,11,2,0,3.37349397590361,0,0,0,0,0,0,1,0,0,0,0,0,0,0,0,11,0,0,0,0,0,2,1,0,2,0,0,0,0,0,0,"43"
"4305020501",3,12,2,2,0,0,2,0,0,1.06951871657754,0,0,0,0,0,0,0,0,0,0,0,0,0,0,0,2,0,0,0,0,0,0,2,2,2,0,0,0,0,0,0,"43"
"4305020601",11,58,9,7,0,2,5,0,0,1.74129353233831,0,0,0,0,0,0,0,0,0,0,2,0,0,0,0,5,0,0,0,0,0,0,0,0,0,0,0,0,0,0,0,"43"
"4305020701",7,41,7,5,0,0,4,1,0,0.88809946714032,0,0,0,0,0,0,0,0,0,0,0,0,0,0,0,4,0,0,0,0,0,1,3,2,2,0,0,0,0,0,0,"43"
"4305020801",8,43,11,8,0,0,8,0,0,1.95121951219512,0,0,0,0,0,0,0,0,0,0,0,0,0,0,0,8,0,0,0,0,0,0,6,2,1,0,2,0,0,0,0,"43"
"4305020901",4,11,4,4,0,0,0,4,0,0.869565217391304,0,0,0,0,0,0,0,0,0,0,0,0,0,0,0,0,0,0,0,0,0,4,0,2,2,0,0,0,0,0,0,"43"
"4305021001",16,73,12,9,1,0,8,0,0,1.68539325842697,1,1,0,0,0,0,0,0,0,0,0,0,0,0,0,8,0,0,0,0,0,0,1,0,0,0,0,0,0,0,0,"43"
"4305021101",3,15,3,2,0,0,2,0,0,2.17391304347826,0,0,0,0,0,0,0,0,0,0,0,0,0,0,0,2,0,0,0,0,0,0,1,0,0,0,0,0,0,0,0,"43"
"4305021201",8,41,10,8,0,0,8,0,0,1.32890365448505,0,0,0,0,0,0,0,0,0,0,0,0,0,0,0,8,0,0,0,0,0,0,8,1,1,0,0,0,0,0,0,"43"
"4305021301",13,48,19,11,6,0,5,0,0,2.30607966457023,0,0,0,0,0,0,6,0,0,0,0,0,0,0,0,5,0,0,0,0,0,0,9,0,1,0,0,0,0,0,0,"43"
"4305021401",7,28,9,7,0,0,4,3,0,1.52505446623094,0,0,0,0,0,0,0,0,0,0,0,0,0,0,0,4,0,0,0,0,0,3,5,2,2,0,0,0,0,0,0,"43"
"4305021501",5,19,2,1,0,0,1,0,0,0.440528634361234,0,0,0,0,0,0,0,0,0,0,0,0,0,0,0,1,0,0,0,0,0,0,0,0,0,0,0,0,0,0,0,"43"
"4305021601",6,36,8,5,0,0,5,0,0,1.32978723404255,0,0,0,0,0,0,0,0,0,0,0,0,0,0,0,5,0,0,0,0,0,0,4,1,2,0,0,0,0,0,0,"43"
"4305030101",2,9,1,0,0,0,0,0,0,0,0,0,0,0,0,0,0,0,0,0,0,0,0,0,0,0,0,0,0,0,0,0,0,0,0,0,0,0,0,0,0,"43"
"4305030201",12,40,18,11,0,0,9,2,0,2.97297297297297,0,0,0,0,0,0,0,0,0,0,0,0,0,0,0,9,0,0,0,0,0,2,0,0,0,0,0,0,0,0,0,"43"
"4305030301",8,37,14,11,0,0,11,0,0,3.39506172839506,0,0,0,0,0,0,0,0,0,0,0,0,0,0,0,11,0,0,0,0,0,0,0,0,0,0,0,0,0,0,0,"43"
"4305030401",14,30,18,11,0,0,2,9,0,3.76712328767123,0,0,0,0,0,0,0,0,0,0,0,0,0,0,0,2,0,0,0,0,0,9,0,0,0,0,0,0,0,0,0,"43"
"4305030501",6,27,11,8,0,0,6,2,0,1.74291938997821,0,0,0,0,0,0,0,0,0,0,0,0,0,0,0,6,0,0,0,0,0,2,0,0,0,0,0,0,0,0,0,"43"
"4305030601",6,19,7,5,0,0,1,4,0,1.2853470437018,0,0,0,0,0,0,0,0,0,0,0,0,0,0,0,1,0,0,0,0,0,4,0,0,0,0,0,0,0,0,0,"43"
"4305030701",7,18,5,4,0,0,1,3,0,1.53256704980843,0,0,0,0,0,0,0,0,0,0,0,0,0,0,0,1,0,0,0,0,0,3,0,0,0,0,0,0,0,0,0,"43"
"4305030801",1,3,2,2,0,0,2,0,0,0.615384615384615,0,0,0,0,0,0,0,0,0,0,0,0,0,0,0,2,0,0,0,0,0,0,0,0,0,0,0,0,0,0,0,"43"
"4305030901",7,32,0,0,0,0,0,0,0,0,0,0,0,0,0,0,0,0,0,0,0,0,0,0,0,0,0,0,0,0,0,0,0,0,0,0,0,0,0,0,0,"43"
"4305031001",5,17,5,5,0,0,1,4,0,1.11111111111111,0,0,0,0,0,0,0,0,0,0,0,0,0,0,0,1,0,0,0,0,0,4,0,0,0,0,0,0,0,0,0,"43"
"4305031101",17,72,16,13,0,0,6,7,0,3.05882352941176,0,0,0,0,0,0,0,0,0,0,0,0,0,0,0,6,0,0,0,0,0,7,0,1,2,0,0,0,0,0,0,"43"
"4305031201",13,59,9,8,0,0,8,0,0,1.64948453608247,0,0,0,0,0,0,0,0,0,0,0,0,0,0,0,8,0,0,0,0,0,0,0,5,5,0,0,0,0,0,0,"43"
"4305031301",7,37,13,9,0,0,9,0,0,3.02013422818792,0,0,0,0,0,0,0,0,0,0,0,0,0,0,0,9,0,0,0,0,0,0,0,0,0,0,0,0,0,0,0,"43"
"4305031401",10,50,15,11,0,0,2,9,0,2.16962524654832,0,0,0,0,0,0,0,0,0,0,0,0,0,0,0,2,0,0,0,0,0,9,0,0,0,0,0,0,0,0,0,"43"
"4305040101",4,7,0,0,0,0,0,0,0,0,0,0,0,0,0,0,0,0,0,0,0,0,0,0,0,0,0,0,0,0,0,0,0,0,0,0,0,0,0,0,0,"43"
"4305040201",6,19,3,2,0,0,2,0,0,0.413223140495868,0,0,0,0,0,0,0,0,0,0,0,0,0,0,0,2,0,0,0,0,0,0,0,0,0,0,0,0,0,0,0,"43"
"4305040301",5,23,1,0,0,0,0,0,0,0,0,0,0,0,0,0,0,0,0,0,0,0,0,0,0,0,0,0,0,0,0,0,0,0,0,0,0,0,0,0,0,"43"
"4305040401",1,3,0,0,0,0,0,0,0,0,0,0,0,0,0,0,0,0,0,0,0,0,0,0,0,0,0,0,0,0,0,0,0,0,0,0,0,0,0,0,0,"43"
"4305040501",0,0,0,0,0,0,0,0,0,0,0,0,0,0,0,0,0,0,0,0,0,0,0,0,0,0,0,0,0,0,0,0,0,0,0,0,0,0,0,0,0,"43"
"4305040601",7,45,1,0,0,0,0,0,0,0,0,0,0,0,0,0,0,0,0,0,0,0,0,0,0,0,0,0,0,0,0,0,0,0,0,0,0,0,0,0,0,"43"
"4305040701",5,18,6,6,0,0,6,0,0,1.94805194805195,0,0,0,0,0,0,0,0,0,0,0,0,0,0,0,6,0,0,0,0,0,0,0,0,0,0,0,0,0,0,0,"43"
"4305040801",8,33,9,6,0,0,6,0,0,1.57894736842105,0,0,0,0,0,0,0,0,0,0,0,0,0,0,0,6,0,0,0,0,0,0,0,0,0,0,0,0,0,0,0,"43"
"4305040901",11,38,11,7,0,2,5,0,0,1.4344262295082,0,0,0,0,0,0,0,0,0,0,2,0,0,0,0,5,0,0,0,0,0,0,0,0,0,0,0,0,0,0,0,"43"
"4305041001",8,28,7,5,0,0,5,0,0,1.34048257372654,0,0,0,0,0,0,0,0,0,0,0,0,0,0,0,5,0,0,0,0,0,0,0,0,0,0,0,0,0,0,0,"43"
"4305041101",3,11,1,1,0,0,1,0,0,0.436681222707424,0,0,0,0,0,0,0,0,0,0,0,0,0,0,0,1,0,0,0,0,0,0,0,0,0,0,0,0,0,0,0,"43"
"4305041201",7,25,8,8,0,1,7,0,0,2.64026402640264,0,0,0,0,0,0,0,0,0,0,1,0,0,0,0,7,0,0,0,0,0,0,0,0,0,0,0,0,0,0,0,"43"
"4305041301",2,9,0,0,0,0,0,0,0,0,0,0,0,0,0,0,0,0,0,0,0,0,0,0,0,0,0,0,0,0,0,0,0,0,0,0,0,0,0,0,0,"43"
"4305041401",13,66,16,11,0,0,11,0,0,2.00729927007299,0,0,0,0,0,0,0,0,0,0,0,0,0,0,0,11,0,0,0,0,0,0,0,0,0,0,0,0,0,0,0,"43"
"4305041501",2,9,2,2,0,0,2,0,0,0.449438202247191,0,0,0,0,0,0,0,0,0,0,0,0,0,0,0,2,0,0,0,0,0,0,0,0,0,0,0,0,0,0,0,"43"
"4305041601",2,7,2,1,0,0,1,0,0,0.606060606060606,0,0,0,0,0,0,0,0,0,0,0,0,0,0,0,1,0,0,0,0,0,0,0,0,0,0,0,0,0,0,0,"43"
"4305041701",2,13,0,0,0,0,0,0,0,0,0,0,0,0,0,0,0,0,0,0,0,0,0,0,0,0,0,0,0,0,0,0,0,0,0,0,0,0,0,0,0,"43"
"4305041801",0,0,0,0,0,0,0,0,0,0,0,0,0,0,0,0,0,0,0,0,0,0,0,0,0,0,0,0,0,0,0,0,0,0,0,0,0,0,0,0,0,"43"
"4305041901",4,15,5,3,0,0,3,0,0,1.35746606334842,0,0,0,0,0,0,0,0,0,0,0,0,0,0,0,3,0,0,0,0,0,0,0,0,0,0,0,0,0,0,0,"43"
"4305060101",1,1,1,0,0,0,0,0,0,0,0,0,0,0,0,0,0,0,0,0,0,0,0,0,0,0,0,0,0,0,0,0,0,0,0,0,0,0,0,0,0,"43"
"4305060201",0,0,0,0,0,0,0,0,0,0,0,0,0,0,0,0,0,0,0,0,0,0,0,0,0,0,0,0,0,0,0,0,0,0,0,0,0,0,0,0,0,"43"
"4305060301",0,0,0,0,0,0,0,0,0,0,0,0,0,0,0,0,0,0,0,0,0,0,0,0,0,0,0,0,0,0,0,0,0,0,0,0,0,0,0,0,0,"43"
"4305060401",0,0,0,0,0,0,0,0,0,0,0,0,0,0,0,0,0,0,0,0,0,0,0,0,0,0,0,0,0,0,0,0,0,0,0,0,0,0,0,0,0,"43"
"4305060501",0,0,0,0,0,0,0,0,0,0,0,0,0,0,0,0,0,0,0,0,0,0,0,0,0,0,0,0,0,0,0,0,0,0,0,0,0,0,0,0,0,"43"
"4305060601",0,0,0,0,0,0,0,0,0,0,0,0,0,0,0,0,0,0,0,0,0,0,0,0,0,0,0,0,0,0,0,0,0,0,0,0,0,0,0,0,0,"43"
"4305060701",0,0,0,0,0,0,0,0,0,0,0,0,0,0,0,0,0,0,0,0,0,0,0,0,0,0,0,0,0,0,0,0,0,0,0,0,0,0,0,0,0,"43"
"4305060801",6,30,8,7,0,0,7,0,0,2.96610169491525,0,0,0,0,0,0,0,0,0,0,0,0,0,0,0,7,0,0,0,0,0,0,0,0,0,0,0,0,0,0,0,"43"
"4305060901",0,0,0,0,0,0,0,0,0,0,0,0,0,0,0,0,0,0,0,0,0,0,0,0,0,0,0,0,0,0,0,0,0,0,0,0,0,0,0,0,0,"43"
"4305061001",1,1,0,0,0,0,0,0,0,0,0,0,0,0,0,0,0,0,0,0,0,0,0,0,0,0,0,0,0,0,0,0,0,0,0,0,0,0,0,0,0,"43"
"4305061101",0,0,0,0,0,0,0,0,0,0,0,0,0,0,0,0,0,0,0,0,0,0,0,0,0,0,0,0,0,0,0,0,0,0,0,0,0,0,0,0,0,"43"
"4305061201",5,12,2,1,1,0,0,0,0,0.289017341040462,0,0,0,1,1,0,0,0,0,0,0,0,0,0,0,0,0,0,0,0,0,0,0,0,0,0,0,0,0,0,0,"43"
"4305070101",34,164,48,37,0,0,2,36,0,7.83898305084746,0,0,0,0,0,17,0,0,0,0,0,0,0,0,0,0,0,0,2,34,4,0,0,34,26,0,0,0,0,0,0,"43"
"4305070201",45,166,60,36,10,35,12,0,0,16.7441860465116,0,0,0,8,5,0,0,0,0,0,35,0,24,0,0,0,0,0,12,0,0,0,2,28,17,0,0,0,0,0,0,"43"
"4305070301",1,6,2,2,0,0,0,2,0,0.368324125230203,0,0,0,0,0,2,0,0,0,0,0,0,0,0,0,0,0,0,0,0,2,0,2,2,2,0,0,0,0,0,0,"43"
"4305070401",1,6,3,3,0,3,0,0,0,0.659340659340659,0,0,0,0,0,0,0,0,0,0,3,0,0,0,0,0,0,0,0,0,0,0,0,0,0,0,0,0,0,0,0,"43"
"4305070501",0,0,0,0,0,0,0,0,0,0,0,0,0,0,0,0,0,0,0,0,0,0,0,0,0,0,0,0,0,0,0,0,0,0,0,0,0,0,0,0,0,"43"
"4305070601",3,6,1,1,1,0,0,0,0,0.425531914893617,0,0,0,0,0,0,1,0,0,0,0,0,0,0,0,0,0,0,0,0,0,0,0,1,1,0,0,0,0,0,0,"43"
"4305070701",71,289,112,95,81,42,0,28,0,25.8152173913043,0,0,0,66,37,4,15,0,0,0,42,5,0,0,0,0,0,0,0,22,6,0,13,83,59,12,0,0,0,0,0,"43"
"4305070801",24,98,41,31,13,16,13,14,0,13.2478632478632,0,0,0,6,8,5,0,12,0,0,13,7,4,0,0,0,0,0,13,12,4,0,0,23,16,0,0,0,0,0,0,"43"
"4305070901",0,0,0,0,0,0,0,0,0,0,0,0,0,0,0,0,0,0,0,0,0,0,0,0,0,0,0,0,0,0,0,0,0,0,0,0,0,0,0,0,0,"43"
"4305071001",1,3,1,1,0,0,1,0,0,0.50251256281407,0,0,0,0,0,0,0,0,0,0,0,0,0,0,0,0,0,0,1,0,0,0,0,0,0,0,0,0,0,0,0,"43"
"4305071101",1,1,1,1,0,1,0,0,0,0.37593984962406,0,0,0,0,0,0,0,0,0,0,1,0,0,0,0,0,0,0,0,0,0,0,0,0,0,0,0,0,0,0,0,"43"
"4305071201",48,167,60,50,43,39,2,3,0,27.7777777777778,0,0,0,39,17,0,0,1,0,0,38,0,5,0,0,0,0,0,2,3,0,0,2,8,7,0,0,0,0,0,0,"43"
"4305071301",3,12,4,3,0,0,0,3,0,1.37614678899083,0,0,0,0,0,0,0,0,0,0,0,0,0,0,0,0,0,0,0,2,1,0,0,3,1,0,0,0,0,0,0,"43"
"4305071401",1,4,0,0,0,0,0,0,0,0,0,0,0,0,0,0,0,0,0,0,0,0,0,0,0,0,0,0,0,0,0,0,0,0,0,0,0,0,0,0,0,"43"
"4305071501",82,212,88,73,4,69,1,0,0,24.8299319727891,0,0,0,0,4,0,0,0,0,0,69,0,3,0,0,0,0,0,1,0,0,0,7,2,1,0,0,0,0,0,0,"43"
"4305080101",2,8,0,0,0,0,0,0,0,0,0,0,0,0,0,0,0,0,0,0,0,0,0,0,0,0,0,0,0,0,0,0,0,0,0,0,0,0,0,0,0,"43"
"4305080201",13,67,17,12,0,0,12,0,0,2.88461538461538,0,0,0,0,0,0,0,0,0,0,0,0,0,0,0,12,0,0,0,0,0,0,0,0,0,0,0,0,0,0,0,"43"
"4305080301",11,59,20,18,0,0,18,0,0,5.0561797752809,0,0,0,0,0,0,0,0,0,0,0,0,0,0,0,18,0,0,0,0,0,0,0,0,0,0,0,0,0,0,0,"43"
"4305080401",7,28,11,9,0,0,9,0,0,2.15827338129496,0,0,0,0,0,0,0,0,0,0,0,0,0,0,0,9,0,0,0,0,0,0,0,0,0,0,0,0,0,0,0,"43"
"4305080501",4,14,4,1,0,0,1,0,0,0.171526586620926,0,0,0,0,0,0,0,0,0,0,0,0,0,0,0,1,0,0,0,0,0,0,0,0,0,0,0,0,0,0,0,"43"
"4305080601",3,13,6,3,0,0,3,0,0,0.726392251815981,0,0,0,0,0,0,0,0,0,0,0,0,0,0,0,3,0,0,0,0,0,0,0,0,0,0,0,0,0,0,0,"43"
"4305080701",9,38,15,9,0,0,9,0,0,2.96052631578947,0,0,0,0,0,0,0,0,0,0,0,0,0,0,0,9,0,0,0,0,0,0,0,0,0,0,0,0,0,0,0,"43"
"4305080801",15,59,20,13,0,0,13,0,0,2.82608695652174,0,0,0,0,0,0,0,0,0,0,0,0,0,0,0,13,0,0,0,0,0,0,0,0,0,0,0,0,0,0,0,"43"
"4305080901",4,26,7,4,0,0,4,0,0,1.99004975124378,0,0,0,0,0,0,0,0,0,0,0,0,0,0,0,4,0,0,0,0,0,0,0,0,0,0,0,0,0,0,0,"43"
"4305081001",15,88,22,17,0,0,17,0,0,4.81586402266289,0,0,0,0,0,0,0,0,0,0,0,0,0,0,0,17,0,0,0,0,0,0,0,0,0,0,0,0,0,0,0,"43"
"4305081101",1,3,0,0,0,0,0,0,0,0,0,0,0,0,0,0,0,0,0,0,0,0,0,0,0,0,0,0,0,0,0,0,0,0,0,0,0,0,0,0,0,"43"
"4305081201",2,6,2,1,0,0,1,0,0,0.284090909090909,0,0,0,0,0,0,0,0,0,0,0,0,0,0,0,1,0,0,0,0,0,0,0,0,0,0,0,0,0,0,0,"43"
"4305081301",9,32,10,4,0,0,4,0,0,1.45454545454545,0,0,0,0,0,0,0,0,0,0,0,0,0,0,0,4,0,0,0,0,0,0,0,0,0,0,0,0,0,0,0,"43"
"4305081401",4,16,5,5,0,0,5,0,0,1.65016501650165,0,0,0,0,0,0,0,0,0,0,0,0,0,0,0,5,0,0,0,0,0,0,0,0,0,0,0,0,0,0,0,"43"
"4305081501",4,12,6,2,0,2,0,0,0,0.793650793650794,0,0,0,0,0,0,0,0,0,0,2,0,0,0,0,0,0,0,0,0,0,0,0,0,0,0,0,0,0,0,0,"43"
"4305081601",6,22,9,9,0,0,9,0,0,2.77777777777778,0,0,0,0,0,0,0,0,0,0,0,0,0,0,0,9,0,0,0,0,0,0,0,0,0,0,0,0,0,0,0,"43"
"4305081701",1,3,1,1,0,0,1,0,0,0.381679389312977,0,0,0,0,0,0,0,0,0,0,0,0,0,0,0,1,0,0,0,0,0,0,0,0,0,0,0,0,0,0,0,"43"
"4305090101",0,0,0,0,0,0,0,0,0,0,0,0,0,0,0,0,0,0,0,0,0,0,0,0,0,0,0,0,0,0,0,0,0,0,0,0,0,0,0,0,0,"43"
"4305090201",0,0,0,0,0,0,0,0,0,0,0,0,0,0,0,0,0,0,0,0,0,0,0,0,0,0,0,0,0,0,0,0,0,0,0,0,0,0,0,0,0,"43"
"4305090301",0,0,0,0,0,0,0,0,0,0,0,0,0,0,0,0,0,0,0,0,0,0,0,0,0,0,0,0,0,0,0,0,0,0,0,0,0,0,0,0,0,"43"
"4305090401",3,8,2,1,1,0,0,0,0,0.222222222222222,0,0,0,0,1,0,0,0,0,0,0,0,0,0,0,0,0,0,0,0,0,0,0,1,1,0,0,0,0,0,0,"43"
"4305090501",0,0,0,0,0,0,0,0,0,0,0,0,0,0,0,0,0,0,0,0,0,0,0,0,0,0,0,0,0,0,0,0,0,0,0,0,0,0,0,0,0,"43"
"4305090601",0,0,0,0,0,0,0,0,0,0,0,0,0,0,0,0,0,0,0,0,0,0,0,0,0,0,0,0,0,0,0,0,0,0,0,0,0,0,0,0,0,"43"
"4305090701",0,0,0,0,0,0,0,0,0,0,0,0,0,0,0,0,0,0,0,0,0,0,0,0,0,0,0,0,0,0,0,0,0,0,0,0,0,0,0,0,0,"43"
"4305090801",0,0,0,0,0,0,0,0,0,0,0,0,0,0,0,0,0,0,0,0,0,0,0,0,0,0,0,0,0,0,0,0,0,0,0,0,0,0,0,0,0,"43"
"4305090901",0,0,0,0,0,0,0,0,0,0,0,0,0,0,0,0,0,0,0,0,0,0,0,0,0,0,0,0,0,0,0,0,0,0,0,0,0,0,0,0,0,"43"
"4305091001",1,6,3,3,0,0,0,3,0,1.03448275862069,0,0,0,0,0,0,0,0,0,0,0,0,0,0,0,0,0,0,0,0,3,0,0,3,3,0,0,0,0,0,0,"43"
"4305091101",0,0,0,0,0,0,0,0,0,0,0,0,0,0,0,0,0,0,0,0,0,0,0,0,0,0,0,0,0,0,0,0,0,0,0,0,0,0,0,0,0,"43"
"4305130101",1,1,1,1,0,0,0,1,0,0.159235668789809,0,0,0,0,0,0,0,0,0,0,0,0,0,0,0,0,0,0,0,0,1,0,0,0,0,0,0,0,0,0,0,"43"
"4305130201",0,0,0,0,0,0,0,0,0,0,0,0,0,0,0,0,0,0,0,0,0,0,0,0,0,0,0,0,0,0,0,0,0,0,0,0,0,0,0,0,0,"43"
"4305130301",0,0,0,0,0,0,0,0,0,0,0,0,0,0,0,0,0,0,0,0,0,0,0,0,0,0,0,0,0,0,0,0,0,0,0,0,0,0,0,0,0,"43"
"4305130401",0,0,0,0,0,0,0,0,0,0,0,0,0,0,0,0,0,0,0,0,0,0,0,0,0,0,0,0,0,0,0,0,0,0,0,0,0,0,0,0,0,"43"
"4305130501",0,0,0,0,0,0,0,0,0,0,0,0,0,0,0,0,0,0,0,0,0,0,0,0,0,0,0,0,0,0,0,0,0,0,0,0,0,0,0,0,0,"43"
"4305130601",0,0,0,0,0,0,0,0,0,0,0,0,0,0,0,0,0,0,0,0,0,0,0,0,0,0,0,0,0,0,0,0,0,0,0,0,0,0,0,0,0,"43"
"4305130701",0,0,0,0,0,0,0,0,0,0,0,0,0,0,0,0,0,0,0,0,0,0,0,0,0,0,0,0,0,0,0,0,0,0,0,0,0,0,0,0,0,"43"
"4305130801",1,6,2,2,0,0,2,0,0,0.192122958693564,0,0,0,0,0,0,0,0,0,0,0,0,0,0,0,2,0,0,0,0,0,0,0,2,0,0,0,0,0,0,0,"43"
"4305130901",0,0,0,0,0,0,0,0,0,0,0,0,0,0,0,0,0,0,0,0,0,0,0,0,0,0,0,0,0,0,0,0,0,0,0,0,0,0,0,0,0,"43"
"4305131001",0,0,0,0,0,0,0,0,0,0,0,0,0,0,0,0,0,0,0,0,0,0,0,0,0,0,0,0,0,0,0,0,0,0,0,0,0,0,0,0,0,"43"
"4305131101",0,0,0,0,0,0,0,0,0,0,0,0,0,0,0,0,0,0,0,0,0,0,0,0,0,0,0,0,0,0,0,0,0,0,0,0,0,0,0,0,0,"43"
"4305131201",0,0,0,0,0,0,0,0,0,0,0,0,0,0,0,0,0,0,0,0,0,0,0,0,0,0,0,0,0,0,0,0,0,0,0,0,0,0,0,0,0,"43"
"4305131301",0,0,0,0,0,0,0,0,0,0,0,0,0,0,0,0,0,0,0,0,0,0,0,0,0,0,0,0,0,0,0,0,0,0,0,0,0,0,0,0,0,"43"
"4305210101",42,216,62,45,0,0,21,24,0,5.79150579150579,0,0,0,0,0,0,0,0,0,0,0,0,0,0,0,21,0,0,0,2,24,0,0,34,39,0,0,0,0,0,0,"43"
"4305210201",25,124,33,28,0,0,22,6,0,3.05010893246187,0,0,0,0,0,0,0,0,0,0,0,0,0,0,0,22,0,0,0,0,2,4,0,0,0,0,0,0,0,0,0,"43"
"4305210301",15,84,21,18,0,0,15,3,0,2.62773722627737,0,0,0,0,0,0,0,0,0,0,0,0,0,0,0,15,0,0,0,0,0,3,0,0,0,0,0,0,0,0,0,"43"
"4305210401",9,39,14,12,0,0,11,1,0,2.0442930153322,0,0,0,0,0,0,0,0,0,0,0,0,0,0,0,11,0,0,0,0,0,1,0,0,0,0,0,0,0,0,0,"43"
"4305210501",16,79,28,26,0,0,23,3,0,5.79064587973274,0,0,0,0,0,0,0,0,0,0,0,0,0,0,0,23,0,0,0,0,0,3,23,10,9,0,0,0,0,0,0,"43"
"4305210601",11,62,13,10,0,0,10,0,0,1.38888888888889,0,0,0,0,0,0,0,0,0,0,0,0,0,0,0,10,0,0,0,0,0,0,3,1,1,0,0,0,0,0,0,"43"
"4305210701",50,136,60,46,0,37,6,6,0,21.3953488372093,0,0,0,0,0,0,0,3,0,0,37,0,0,0,0,6,0,0,0,0,2,4,5,17,24,0,0,0,0,0,0,"43"
"4305210801",19,84,15,14,10,0,8,0,0,2.54545454545455,0,0,0,7,0,0,3,0,0,0,0,0,0,0,0,8,0,0,0,0,0,0,0,13,13,4,0,0,0,0,0,"43"
"4305220101",10,27,7,5,0,0,4,1,0,2.03252032520325,0,0,0,0,0,0,0,0,0,0,0,0,0,0,0,4,0,0,0,0,0,1,5,1,0,0,0,0,0,0,0,"43"
"4305220201",8,24,8,6,0,0,3,3,0,1.47420147420147,0,0,0,0,0,0,0,0,0,0,0,0,0,0,0,3,0,0,0,0,0,3,0,0,0,0,0,0,0,0,0,"43"
"4305220301",48,147,57,46,38,6,10,21,0,15.1815181518152,0,0,0,32,9,26,1,0,0,0,6,1,2,0,0,3,2,0,5,10,11,6,5,17,24,28,0,0,0,0,0,"43"
"4305220401",8,30,7,6,1,0,4,2,0,2.76497695852535,0,0,0,0,0,0,1,0,0,0,0,0,0,0,0,4,0,0,0,0,0,2,2,0,1,0,0,0,0,0,0,"43"
"4305220501",5,25,12,9,0,0,6,3,0,4.78723404255319,0,0,0,0,0,0,0,0,0,0,0,0,0,0,0,6,0,0,0,0,0,3,0,3,3,0,0,0,0,0,0,"43"
"4305220601",28,105,25,17,9,3,4,2,0,5.15151515151515,0,0,0,7,6,0,3,2,2,2,1,0,0,0,0,4,0,0,0,0,0,2,2,11,7,0,0,0,0,0,0,"43"
"4305220701",15,47,18,17,1,1,0,15,0,5.62913907284768,0,0,0,0,1,0,0,0,0,0,1,0,0,0,0,0,0,0,0,2,6,7,1,6,1,0,0,0,0,0,0,"43"
"4305220801",7,33,12,7,0,2,1,4,0,2.84552845528455,0,0,0,0,0,0,0,0,0,0,2,0,0,0,0,1,0,0,0,0,0,4,5,0,2,0,0,0,0,0,0,"43"
"4307010301",0,0,0,0,0,0,0,0,0,0,0,0,0,0,0,0,0,0,0,0,0,0,0,0,0,0,0,0,0,0,0,0,0,0,0,0,0,0,0,0,0,"43"
"4307010401",0,0,0,0,0,0,0,0,0,0,0,0,0,0,0,0,0,0,0,0,0,0,0,0,0,0,0,0,0,0,0,0,0,0,0,0,0,0,0,0,0,"43"
"4307010501",0,0,0,0,0,0,0,0,0,0,0,0,0,0,0,0,0,0,0,0,0,0,0,0,0,0,0,0,0,0,0,0,0,0,0,0,0,0,0,0,0,"43"
"4307010601",0,0,0,0,0,0,0,0,0,0,0,0,0,0,0,0,0,0,0,0,0,0,0,0,0,0,0,0,0,0,0,0,0,0,0,0,0,0,0,0,0,"43"
"4307010701",0,0,0,0,0,0,0,0,0,0,0,0,0,0,0,0,0,0,0,0,0,0,0,0,0,0,0,0,0,0,0,0,0,0,0,0,0,0,0,0,0,"43"
"4307010801",2,7,3,3,0,0,0,3,0,0.66815144766147,0,0,0,0,0,0,0,0,0,0,0,0,0,0,0,0,0,0,0,0,0,3,0,0,0,0,0,0,0,0,0,"43"
"4307010901",2,3,1,1,0,0,0,1,0,0.217864923747277,0,0,0,0,0,0,0,0,0,0,0,0,0,0,0,0,0,0,0,0,0,1,0,0,0,0,0,0,0,0,0,"43"
"4307011001",0,0,0,0,0,0,0,0,0,0,0,0,0,0,0,0,0,0,0,0,0,0,0,0,0,0,0,0,0,0,0,0,0,0,0,0,0,0,0,0,0,"43"
"4307011101",0,0,0,0,0,0,0,0,0,0,0,0,0,0,0,0,0,0,0,0,0,0,0,0,0,0,0,0,0,0,0,0,0,0,0,0,0,0,0,0,0,"43"
"4307011201",1,2,0,0,0,0,0,0,0,0,0,0,0,0,0,0,0,0,0,0,0,0,0,0,0,0,0,0,0,0,0,0,0,0,0,0,0,0,0,0,0,"43"
"4307011401",0,0,0,0,0,0,0,0,0,0,0,0,0,0,0,0,0,0,0,0,0,0,0,0,0,0,0,0,0,0,0,0,0,0,0,0,0,0,0,0,0,"43"
"4307011501",0,0,0,0,0,0,0,0,0,0,0,0,0,0,0,0,0,0,0,0,0,0,0,0,0,0,0,0,0,0,0,0,0,0,0,0,0,0,0,0,0,"43"
"4307030101",1,4,0,0,0,0,0,0,0,0,0,0,0,0,0,0,0,0,0,0,0,0,0,0,0,0,0,0,0,0,0,0,0,0,0,0,0,0,0,0,0,"43"
"4307030201",1,4,0,0,0,0,0,0,0,0,0,0,0,0,0,0,0,0,0,0,0,0,0,0,0,0,0,0,0,0,0,0,0,0,0,0,0,0,0,0,0,"43"
"4307030301",0,0,0,0,0,0,0,0,0,0,0,0,0,0,0,0,0,0,0,0,0,0,0,0,0,0,0,0,0,0,0,0,0,0,0,0,0,0,0,0,0,"43"
"4307030401",2,5,3,3,1,0,0,2,0,0.5,0,0,0,1,1,0,0,0,0,0,0,0,0,0,0,0,0,0,0,0,0,2,0,0,0,0,0,0,0,0,0,"43"
"4307030501",0,0,0,0,0,0,0,0,0,0,0,0,0,0,0,0,0,0,0,0,0,0,0,0,0,0,0,0,0,0,0,0,0,0,0,0,0,0,0,0,0,"43"
"4307030601",0,0,0,0,0,0,0,0,0,0,0,0,0,0,0,0,0,0,0,0,0,0,0,0,0,0,0,0,0,0,0,0,0,0,0,0,0,0,0,0,0,"43"
"4307030701",0,0,0,0,0,0,0,0,0,0,0,0,0,0,0,0,0,0,0,0,0,0,0,0,0,0,0,0,0,0,0,0,0,0,0,0,0,0,0,0,0,"43"
"4307030801",0,0,0,0,0,0,0,0,0,0,0,0,0,0,0,0,0,0,0,0,0,0,0,0,0,0,0,0,0,0,0,0,0,0,0,0,0,0,0,0,0,"43"
"4307040101",2,4,2,2,0,0,0,2,0,0.625,0,0,0,0,0,0,0,0,0,0,0,0,0,0,0,0,0,0,0,0,0,2,0,0,0,0,0,0,0,0,0,"43"
"4307040201",1,1,0,0,0,0,0,0,0,0,0,0,0,0,0,0,0,0,0,0,0,0,0,0,0,0,0,0,0,0,0,0,0,0,0,0,0,0,0,0,0,"43"
"4307040301",0,0,0,0,0,0,0,0,0,0,0,0,0,0,0,0,0,0,0,0,0,0,0,0,0,0,0,0,0,0,0,0,0,0,0,0,0,0,0,0,0,"43"
"4307040401",0,0,0,0,0,0,0,0,0,0,0,0,0,0,0,0,0,0,0,0,0,0,0,0,0,0,0,0,0,0,0,0,0,0,0,0,0,0,0,0,0,"43"
"4307040501",0,0,0,0,0,0,0,0,0,0,0,0,0,0,0,0,0,0,0,0,0,0,0,0,0,0,0,0,0,0,0,0,0,0,0,0,0,0,0,0,0,"43"
"4307040601",1,4,2,2,0,0,2,0,0,0.495049504950495,0,0,0,0,0,0,0,0,0,0,0,0,0,0,0,0,2,0,0,0,0,0,0,0,0,0,0,0,0,0,0,"43"
"4307040701",0,0,0,0,0,0,0,0,0,0,0,0,0,0,0,0,0,0,0,0,0,0,0,0,0,0,0,0,0,0,0,0,0,0,0,0,0,0,0,0,0,"43"
"4307040801",0,0,0,0,0,0,0,0,0,0,0,0,0,0,0,0,0,0,0,0,0,0,0,0,0,0,0,0,0,0,0,0,0,0,0,0,0,0,0,0,0,"43"
"4307040901",5,20,5,5,5,0,0,0,0,4,0,0,0,1,5,0,0,0,0,0,0,0,4,0,0,0,0,0,0,0,0,0,0,0,0,0,0,0,0,0,0,"43"
"4307041001",1,1,1,1,0,0,0,1,0,0.483091787439614,0,0,0,0,0,0,0,0,0,0,0,0,0,0,0,0,0,0,0,0,0,1,0,0,0,0,0,0,0,0,0,"43"
"4307050101",0,0,0,0,0,0,0,0,0,0,0,0,0,0,0,0,0,0,0,0,0,0,0,0,0,0,0,0,0,0,0,0,0,0,0,0,0,0,0,0,0,"43"
"4307050201",0,0,0,0,0,0,0,0,0,0,0,0,0,0,0,0,0,0,0,0,0,0,0,0,0,0,0,0,0,0,0,0,0,0,0,0,0,0,0,0,0,"43"
"4307050301",0,0,0,0,0,0,0,0,0,0,0,0,0,0,0,0,0,0,0,0,0,0,0,0,0,0,0,0,0,0,0,0,0,0,0,0,0,0,0,0,0,"43"
"4307050401",1,2,1,1,0,0,0,1,0,0.186567164179104,0,0,0,0,0,0,0,0,0,0,0,0,0,0,0,0,0,0,0,0,0,1,0,0,0,0,0,0,0,0,0,"43"
"4307050501",0,0,0,0,0,0,0,0,0,0,0,0,0,0,0,0,0,0,0,0,0,0,0,0,0,0,0,0,0,0,0,0,0,0,0,0,0,0,0,0,0,"43"
"4307050601",2,9,3,3,0,0,0,3,0,0.288184438040346,0,0,0,0,0,0,0,0,0,0,0,0,0,0,0,0,0,0,0,0,3,0,0,0,0,0,0,0,0,0,0,"43"
"4307050701",0,0,0,0,0,0,0,0,0,0,0,0,0,0,0,0,0,0,0,0,0,0,0,0,0,0,0,0,0,0,0,0,0,0,0,0,0,0,0,0,0,"43"
"4307050801",1,2,2,1,0,0,0,1,0,0.198807157057654,0,0,0,0,0,0,0,0,0,0,0,0,0,0,0,0,0,0,0,0,1,0,0,0,0,0,0,0,0,0,0,"43"
"4307050901",1,6,0,0,0,0,0,0,0,0,0,0,0,0,0,0,0,0,0,0,0,0,0,0,0,0,0,0,0,0,0,0,0,0,0,0,0,0,0,0,0,"43"
"4307051001",0,0,0,0,0,0,0,0,0,0,0,0,0,0,0,0,0,0,0,0,0,0,0,0,0,0,0,0,0,0,0,0,0,0,0,0,0,0,0,0,0,"43"
"4307510101",0,0,0,0,0,0,0,0,0,0,0,0,0,0,0,0,0,0,0,0,0,0,0,0,0,0,0,0,0,0,0,0,0,0,0,0,0,0,0,0,0,"43"
"4307510201",0,0,0,0,0,0,0,0,0,0,0,0,0,0,0,0,0,0,0,0,0,0,0,0,0,0,0,0,0,0,0,0,0,0,0,0,0,0,0,0,0,"43"
"4307510301",0,0,0,0,0,0,0,0,0,0,0,0,0,0,0,0,0,0,0,0,0,0,0,0,0,0,0,0,0,0,0,0,0,0,0,0,0,0,0,0,0,"43"
"4307510401",1,2,1,1,0,0,0,1,0,0.139275766016713,0,0,0,0,0,0,0,0,0,0,0,0,0,0,0,0,0,0,0,0,1,0,0,0,0,0,0,0,0,0,0,"43"
"4307510501",0,0,0,0,0,0,0,0,0,0,0,0,0,0,0,0,0,0,0,0,0,0,0,0,0,0,0,0,0,0,0,0,0,0,0,0,0,0,0,0,0,"43"
"4307510601",1,4,2,2,0,0,2,0,0,0.307219662058372,0,0,0,0,0,0,0,0,0,0,0,0,0,0,2,0,0,0,0,0,0,0,0,0,0,0,0,0,0,0,0,"43"
"4307510701",0,0,0,0,0,0,0,0,0,0,0,0,0,0,0,0,0,0,0,0,0,0,0,0,0,0,0,0,0,0,0,0,0,0,0,0,0,0,0,0,0,"43"
"4307510801",4,11,2,0,0,0,0,0,0,0,0,0,0,0,0,0,0,0,0,0,0,0,0,0,0,0,0,0,0,0,0,0,0,0,0,0,0,0,0,0,0,"43"
"4308010101",10,36,12,11,1,0,5,6,0,1.96779964221825,0,0,0,0,0,0,1,0,0,0,0,0,0,0,0,0,3,0,2,1,5,0,0,4,6,0,0,0,0,0,0,"43"
"4308010201",31,118,39,19,2,3,5,11,0,3.49264705882353,0,0,0,2,0,0,0,0,0,0,3,0,0,0,0,0,0,0,5,3,10,0,0,12,9,1,0,0,0,0,0,"43"
"4308010301",15,46,18,13,1,0,4,12,0,3.14009661835749,0,0,0,0,0,0,1,0,0,0,0,0,0,0,0,0,1,0,3,6,6,0,0,6,0,0,0,0,0,0,0,"43"
"4308010401",241,559,185,117,90,113,6,10,0,18.8405797101449,0,0,0,80,68,22,1,2,3,3,113,1,22,0,0,0,0,0,6,10,2,0,7,9,47,7,0,5,1,1,66,"43"
"4308010501",33,136,46,31,2,7,6,23,0,6.49895178197065,0,0,0,0,1,4,1,1,0,0,7,1,3,0,0,0,0,0,6,12,15,0,3,17,23,2,1,0,0,0,4,"43"
"4308010601",9,29,7,7,0,0,7,2,0,2.9535864978903,0,0,0,0,0,0,0,0,0,0,0,0,0,0,2,0,0,0,5,2,0,0,2,0,0,0,0,0,0,0,0,"43"
"4308020101",53,242,54,45,0,0,14,39,0,4.45986124876115,0,0,2,0,0,30,0,0,0,0,0,0,0,3,0,0,5,0,11,25,16,0,0,13,12,2,0,0,0,0,0,"43"
"4308020201",32,109,32,29,12,13,3,6,0,6.06694560669456,0,0,0,7,5,0,0,0,0,0,13,0,5,0,0,0,0,0,3,3,3,0,12,4,9,0,0,0,0,0,6,"43"
"4308020301",54,154,41,32,32,0,0,0,0,5.64373897707231,0,0,0,0,32,0,0,0,0,0,0,0,0,0,0,0,0,0,0,0,0,0,1,9,16,0,0,0,0,0,0,"43"
"4308020401",1,1,1,1,0,1,0,0,0,0.649350649350649,0,0,0,0,0,0,0,0,1,0,0,0,0,0,0,0,0,0,0,0,0,0,1,0,0,0,0,0,0,0,0,"43"
"4308020501",30,64,20,19,3,0,0,16,0,2.67605633802817,0,0,0,0,0,0,3,0,0,0,0,0,0,0,0,0,0,0,0,13,11,0,10,12,14,0,0,0,0,0,0,"43"
"4308020601",46,192,63,57,9,26,7,33,0,7.52972258916777,0,0,0,1,7,3,1,0,0,0,26,0,0,0,0,0,1,0,6,22,21,0,24,27,37,3,3,0,0,0,4,"43"
"4308020701",41,140,34,31,10,25,0,0,0,7.98969072164948,0,0,0,2,8,0,1,5,11,11,24,0,0,0,0,0,0,0,0,0,0,0,8,10,19,0,0,0,0,0,0,"43"
"4308030101",1,1,0,0,0,0,0,0,0,0,0,0,0,0,0,0,0,0,0,0,0,0,0,0,0,0,0,0,0,0,0,0,0,0,0,0,0,0,0,0,0,"43"
"4308030201",43,137,48,46,19,20,5,21,0,7.49185667752443,0,0,0,13,6,2,0,8,0,0,14,1,0,0,0,0,0,0,5,10,14,0,2,31,26,3,0,0,0,0,4,"43"
"4308030301",0,0,0,0,0,0,0,0,0,0,0,0,0,0,0,0,0,0,0,0,0,0,0,0,0,0,0,0,0,0,0,0,0,0,0,0,0,0,0,0,0,"43"
"4308030401",0,0,0,0,0,0,0,0,0,0,0,0,0,0,0,0,0,0,0,0,0,0,0,0,0,0,0,0,0,0,0,0,0,0,0,0,0,0,0,0,0,"43"
"4308030501",0,0,0,0,0,0,0,0,0,0,0,0,0,0,0,0,0,0,0,0,0,0,0,0,0,0,0,0,0,0,0,0,0,0,0,0,0,0,0,0,0,"43"
"4308030601",0,0,0,0,0,0,0,0,0,0,0,0,0,0,0,0,0,0,0,0,0,0,0,0,0,0,0,0,0,0,0,0,0,0,0,0,0,0,0,0,0,"43"
"4308030701",0,0,0,0,0,0,0,0,0,0,0,0,0,0,0,0,0,0,0,0,0,0,0,0,0,0,0,0,0,0,0,0,0,0,0,0,0,0,0,0,0,"43"
"4308040101",38,147,32,27,18,13,3,4,0,3.82436260623229,0,0,0,0,18,0,0,0,0,0,13,0,2,0,0,0,0,0,3,0,4,0,4,10,18,2,0,0,0,0,1,"43"
"4308040201",119,444,230,198,181,95,8,55,0,38.0038387715931,0,0,0,181,17,0,1,5,0,0,95,0,0,2,0,0,0,0,8,8,50,0,16,150,152,0,0,0,0,0,0,"43"
"4308040301",0,0,0,0,0,0,0,0,0,0,0,0,0,0,0,0,0,0,0,0,0,0,0,0,0,0,0,0,0,0,0,0,0,0,0,0,0,0,0,0,0,"43"
"4308040401",26,89,38,30,25,15,1,2,0,8.90207715133531,0,0,0,0,25,0,0,0,0,0,15,0,2,0,0,0,1,0,0,2,0,0,2,12,7,0,0,0,0,1,1,"43"
"4308040501",2,4,0,0,0,0,0,0,0,0,0,0,0,0,0,0,0,0,0,0,0,0,0,0,0,0,0,0,0,0,0,0,0,0,0,0,0,0,0,0,0,"43"
"4308040601",7,19,8,7,4,3,0,0,0,2.3728813559322,0,0,0,0,1,0,3,0,0,0,3,0,0,0,0,0,0,0,0,0,0,0,0,1,2,1,0,0,0,0,0,"43"
"4308040701",77,252,73,63,31,9,4,37,0,9.11722141823444,0,0,0,21,10,1,1,1,0,0,8,2,1,2,0,0,0,0,4,18,19,0,7,44,33,5,0,0,0,0,1,"43"
"4308040801",12,37,19,17,5,0,2,12,0,4.39276485788114,0,0,0,0,0,0,5,0,0,0,0,0,0,0,0,0,0,0,2,11,1,0,3,12,7,0,0,0,0,0,0,"43"
"4308040901",8,26,9,9,0,1,0,8,0,1.20643431635389,0,0,0,0,0,0,0,1,0,0,0,0,0,0,0,0,0,0,0,0,8,0,0,1,1,0,0,0,0,0,0,"43"
"4308050101",13,30,9,6,3,0,3,3,0,0.941915227629513,0,0,0,3,0,0,0,0,0,0,0,0,0,0,0,0,0,0,3,0,3,0,0,4,4,0,0,0,0,0,0,"43"
"4308050201",1,3,2,0,0,0,0,0,0,0,0,0,0,0,0,0,0,0,0,0,0,0,0,0,0,0,0,0,0,0,0,0,0,0,0,0,0,0,0,0,0,"43"
"4308050301",0,0,0,0,0,0,0,0,0,0,0,0,0,0,0,0,0,0,0,0,0,0,0,0,0,0,0,0,0,0,0,0,0,0,0,0,0,0,0,0,0,"43"
"4308050401",0,0,0,0,0,0,0,0,0,0,0,0,0,0,0,0,0,0,0,0,0,0,0,0,0,0,0,0,0,0,0,0,0,0,0,0,0,0,0,0,0,"43"
"4308050501",14,57,19,19,3,5,0,13,0,5.68862275449102,0,0,0,2,1,2,0,2,0,3,0,0,0,0,0,0,0,0,0,10,9,0,0,8,9,0,0,0,0,0,0,"43"
"4308050601",2,4,1,1,1,0,0,0,0,0.793650793650794,0,0,0,1,0,0,0,0,0,0,0,0,0,0,0,0,0,0,0,0,0,0,0,0,0,0,0,0,0,0,0,"43"
"4308050701",8,27,16,13,5,2,0,6,0,3.55191256830601,0,0,0,5,0,0,0,0,0,0,2,0,0,0,0,0,0,0,0,2,4,0,2,10,7,0,0,0,0,0,0,"43"
"4314010101",8,20,0,0,0,0,0,0,0,0,0,0,0,0,0,0,0,0,0,0,0,0,0,0,0,0,0,0,0,0,0,0,0,0,0,0,0,0,0,0,0,"43"
"4314010201",38,158,19,14,1,9,1,4,0,2.69230769230769,0,0,0,1,0,0,0,0,0,0,9,0,0,0,0,0,0,0,1,1,3,0,0,10,8,1,0,0,0,0,0,"43"
"4314010301",8,24,2,2,0,0,2,0,0,0.328947368421053,0,0,0,0,0,0,0,0,0,0,0,0,0,0,0,0,2,0,0,0,0,0,0,2,2,0,0,0,0,0,0,"43"
"4314010401",12,28,7,3,0,0,0,3,0,0.678733031674208,0,0,0,0,0,0,0,0,0,0,0,0,0,0,0,0,0,0,0,0,3,0,0,0,0,0,0,0,0,0,0,"43"
"4314010501",2,4,2,2,2,0,0,0,0,0.738007380073801,0,0,0,0,0,0,2,0,0,0,0,0,0,0,0,0,0,0,0,0,0,0,0,0,0,0,0,0,0,0,0,"43"
"4314010601",6,14,4,4,0,3,0,1,0,1.17302052785924,0,0,0,0,0,0,0,0,0,0,3,0,0,0,0,0,0,0,0,0,1,0,0,1,1,0,0,0,0,0,0,"43"
"4314010701",4,14,0,0,0,0,0,0,0,0,0,0,0,0,0,0,0,0,0,0,0,0,0,0,0,0,0,0,0,0,0,0,0,0,0,0,0,0,0,0,0,"43"
"4314010801",15,42,16,15,4,11,4,0,0,3.73134328358209,0,0,0,0,4,0,0,0,0,0,11,0,0,0,0,0,0,0,4,0,0,0,0,2,7,0,0,0,0,0,0,"43"
"4314010901",2,4,0,0,0,0,0,0,0,0,0,0,0,0,0,0,0,0,0,0,0,0,0,0,0,0,0,0,0,0,0,0,0,0,0,0,0,0,0,0,0,"43"
"4314011001",6,22,5,3,1,1,0,2,0,0.845070422535211,0,0,0,0,0,0,1,0,0,0,1,0,0,0,0,0,0,0,0,0,2,0,0,0,0,1,0,0,0,1,0,"43"
"4314011101",14,37,11,7,0,0,0,7,0,1.54525386313466,0,0,0,0,0,0,0,0,0,0,0,0,0,0,0,0,0,0,0,0,7,0,0,1,0,0,0,0,0,0,0,"43"
"4314011201",3,14,0,0,0,0,0,0,0,0,0,0,0,0,0,0,0,0,0,0,0,0,0,0,0,0,0,0,0,0,0,0,0,0,0,0,0,0,0,0,0,"43"
"4314011301",16,57,16,13,2,0,9,7,0,2.05371248025276,0,0,0,0,2,0,0,0,0,0,0,0,0,0,0,0,2,0,7,4,3,0,0,8,8,1,0,0,0,0,0,"43"
"4314011401",0,0,0,0,0,0,0,0,0,0,0,0,0,0,0,0,0,0,0,0,0,0,0,0,0,0,0,0,0,0,0,0,0,0,0,0,0,0,0,0,0,"43"
"4314011501",1,3,1,1,0,1,0,0,0,0.317460317460317,0,0,0,0,0,0,0,1,0,0,0,0,0,0,0,0,0,0,0,0,0,0,0,0,0,0,0,0,0,0,0,"43"
"4314020101",1,3,0,0,0,0,0,0,0,0,0,0,0,0,0,0,0,0,0,0,0,0,0,0,0,0,0,0,0,0,0,0,0,0,0,0,0,0,0,0,0,"43"
"4314020201",1,1,0,0,0,0,0,0,0,0,0,0,0,0,0,0,0,0,0,0,0,0,0,0,0,0,0,0,0,0,0,0,0,0,0,0,0,0,0,0,0,"43"
"4314020301",24,84,5,4,4,0,0,0,0,2.13903743315508,0,0,0,1,3,0,0,0,0,0,0,0,0,0,0,0,0,0,0,0,0,0,0,2,1,0,0,0,0,0,0,"43"
"4314020401",0,0,0,0,0,0,0,0,0,0,0,0,0,0,0,0,0,0,0,0,0,0,0,0,0,0,0,0,0,0,0,0,0,0,0,0,0,0,0,0,0,"43"
"4314020501",36,122,17,14,10,4,2,3,0,2.29885057471264,0,0,0,0,9,0,1,1,0,0,3,0,1,0,0,0,0,0,2,3,2,0,0,4,7,1,0,0,0,0,0,"43"
"4314020601",43,161,19,16,9,1,4,6,0,4.44444444444444,0,0,0,0,9,0,0,1,0,0,0,0,0,0,0,0,0,0,4,5,1,0,0,8,13,1,0,0,0,0,0,"43"
"4314020701",1,6,2,2,0,0,0,2,0,0.673400673400673,0,0,0,0,0,0,0,0,0,0,0,0,0,0,0,0,0,0,0,0,0,2,0,0,0,0,0,0,0,0,0,"43"
"4314020801",16,54,8,8,0,2,0,8,0,2.99625468164794,0,0,0,0,0,4,0,0,0,0,2,0,0,0,0,0,0,0,0,4,5,3,0,2,6,5,0,0,0,0,1,"43"
"4314020901",9,43,2,1,0,0,1,0,0,0.25706940874036,0,0,0,0,0,1,0,0,0,0,0,0,0,0,0,0,0,0,1,0,0,0,0,1,0,0,0,0,0,0,0,"43"
"4314021001",0,0,0,0,0,0,0,0,0,0,0,0,0,0,0,0,0,0,0,0,0,0,0,0,0,0,0,0,0,0,0,0,0,0,0,0,0,0,0,0,0,"43"
"4314021101",2,6,3,3,0,0,0,3,0,0.606060606060606,0,0,0,0,0,0,0,0,0,0,0,0,0,0,0,0,0,0,0,2,1,0,0,0,0,0,0,0,0,0,0,"43"
"4314021201",1,5,0,0,0,0,0,0,0,0,0,0,0,0,0,0,0,0,0,0,0,0,0,0,0,0,0,0,0,0,0,0,0,0,0,0,0,0,0,0,0,"43"
"4314021301",18,89,8,4,0,0,2,4,0,1.39372822299652,0,0,0,0,0,0,0,0,0,0,0,0,0,0,0,0,0,0,2,3,1,0,0,3,4,1,0,0,0,0,0,"43"
"4314030101",3,9,1,1,0,0,0,1,0,0.383141762452107,0,0,0,0,0,0,0,0,0,0,0,0,0,0,0,0,0,0,0,0,1,0,0,1,1,0,0,0,0,0,0,"43"
"4314030201",1,2,0,0,0,0,0,0,0,0,0,0,0,0,0,0,0,0,0,0,0,0,0,0,0,0,0,0,0,0,0,0,0,0,0,0,0,0,0,0,0,"43"
"4314030301",12,54,9,8,0,2,7,3,0,1.14942528735632,0,0,0,0,0,0,0,0,0,0,2,0,0,0,0,0,0,0,7,1,3,0,0,7,8,0,0,0,0,0,0,"43"
"4314030401",6,16,1,1,1,0,0,0,0,0.292397660818713,0,0,0,0,0,0,1,0,0,0,0,0,0,0,0,0,0,0,0,0,0,0,0,0,0,0,0,0,0,0,0,"43"
"4314030501",9,18,4,4,0,0,0,4,0,1.12994350282486,0,0,0,0,0,0,0,0,0,0,0,0,0,0,0,0,0,0,0,0,4,0,0,2,3,0,0,0,0,0,0,"43"
"4314030601",25,95,31,27,12,22,5,10,0,7.04960835509138,0,0,0,11,9,3,0,0,2,0,22,0,10,0,0,0,0,0,5,1,9,0,0,13,21,0,0,0,0,0,0,"43"
"4314030701",4,10,1,1,0,1,0,0,0,0.260416666666667,0,0,0,0,0,0,0,0,0,0,1,0,0,0,0,0,0,0,0,0,0,0,0,1,1,0,0,0,0,0,0,"43"
"4314030801",23,70,11,10,1,3,1,5,0,1.49700598802395,0,0,0,0,0,0,1,0,2,2,3,0,3,0,0,0,0,0,1,4,4,1,0,3,3,0,0,0,0,0,1,"43"
"4314030901",12,35,9,6,0,2,0,4,0,1.12781954887218,0,0,0,0,0,0,0,0,0,0,2,0,0,0,0,0,0,0,0,0,4,0,0,1,1,0,0,0,0,0,0,"43"
"4314031001",4,15,3,2,0,2,0,0,0,0.383877159309021,0,0,0,0,0,0,0,0,2,2,0,0,0,0,0,0,0,0,0,0,0,0,0,0,2,0,0,0,0,0,0,"43"
"4314031101",1,3,0,0,0,0,0,0,0,0,0,0,0,0,0,0,0,0,0,0,0,0,0,0,0,0,0,0,0,0,0,0,0,0,0,0,0,0,0,0,0,"43"
"4314031201",1,3,0,0,0,0,0,0,0,0,0,0,0,0,0,0,0,0,0,0,0,0,0,0,0,0,0,0,0,0,0,0,0,0,0,0,0,0,0,0,0,"43"
"4314031301",1,2,0,0,0,0,0,0,0,0,0,0,0,0,0,0,0,0,0,0,0,0,0,0,0,0,0,0,0,0,0,0,0,0,0,0,0,0,0,0,0,"43"
"4315010101",0,0,0,0,0,0,0,0,0,0,0,0,0,0,0,0,0,0,0,0,0,0,0,0,0,0,0,0,0,0,0,0,0,0,0,0,0,0,0,0,0,"43"
"4315010201",1,4,0,0,0,0,0,0,0,0,0,0,0,0,0,0,0,0,0,0,0,0,0,0,0,0,0,0,0,0,0,0,0,0,0,0,0,0,0,0,0,"43"
"4315010301",0,0,0,0,0,0,0,0,0,0,0,0,0,0,0,0,0,0,0,0,0,0,0,0,0,0,0,0,0,0,0,0,0,0,0,0,0,0,0,0,0,"43"
"4315010401",2,8,2,2,0,2,0,0,0,0.316455696202532,0,0,0,0,0,0,0,0,2,0,0,0,0,0,0,0,0,0,0,0,0,0,0,0,0,0,0,0,0,0,0,"43"
"4315010501",1,1,1,1,1,0,0,0,0,0.304878048780488,0,0,0,0,0,0,1,0,0,0,0,0,0,0,0,0,0,0,0,0,0,0,0,0,0,0,0,0,0,0,0,"43"
"4315010601",0,0,0,0,0,0,0,0,0,0,0,0,0,0,0,0,0,0,0,0,0,0,0,0,0,0,0,0,0,0,0,0,0,0,0,0,0,0,0,0,0,"43"
"4315010701",0,0,0,0,0,0,0,0,0,0,0,0,0,0,0,0,0,0,0,0,0,0,0,0,0,0,0,0,0,0,0,0,0,0,0,0,0,0,0,0,0,"43"
"4315010801",0,0,0,0,0,0,0,0,0,0,0,0,0,0,0,0,0,0,0,0,0,0,0,0,0,0,0,0,0,0,0,0,0,0,0,0,0,0,0,0,0,"43"
"4315010901",0,0,0,0,0,0,0,0,0,0,0,0,0,0,0,0,0,0,0,0,0,0,0,0,0,0,0,0,0,0,0,0,0,0,0,0,0,0,0,0,0,"43"
"4315011001",2,3,2,2,0,2,0,0,0,0.460829493087558,0,0,0,0,0,0,0,0,0,0,2,0,0,0,0,0,0,0,0,0,0,0,0,0,0,0,0,0,0,0,0,"43"
"4315011101",1,3,1,1,0,1,0,0,0,0.242130750605327,0,0,0,0,0,0,0,0,0,1,0,0,0,0,0,0,0,0,0,0,0,0,1,0,0,0,0,0,0,0,0,"43"
"4315011201",1,5,1,0,0,0,0,0,0,0,0,0,0,0,0,0,0,0,0,0,0,0,0,0,0,0,0,0,0,0,0,0,0,0,0,0,0,0,0,0,0,"43"
"4315011301",0,0,0,0,0,0,0,0,0,0,0,0,0,0,0,0,0,0,0,0,0,0,0,0,0,0,0,0,0,0,0,0,0,0,0,0,0,0,0,0,0,"43"
"4315011401",0,0,0,0,0,0,0,0,0,0,0,0,0,0,0,0,0,0,0,0,0,0,0,0,0,0,0,0,0,0,0,0,0,0,0,0,0,0,0,0,0,"43"
"4315011501",0,0,0,0,0,0,0,0,0,0,0,0,0,0,0,0,0,0,0,0,0,0,0,0,0,0,0,0,0,0,0,0,0,0,0,0,0,0,0,0,0,"43"
"4315011601",2,6,2,2,2,0,0,0,0,0.651465798045603,0,0,0,0,2,0,0,0,0,0,0,0,0,0,0,0,0,0,0,0,0,0,0,0,0,0,0,0,0,0,0,"43"
"4315011701",1,2,1,0,0,0,0,0,0,0,0,0,0,0,0,0,0,0,0,0,0,0,0,0,0,0,0,0,0,0,0,0,0,0,0,0,0,0,0,0,0,"43"
"4315020101",59,261,109,89,1,0,0,88,0,17.4852652259332,0,0,0,0,0,0,1,0,0,0,0,0,0,0,0,0,0,0,0,80,8,0,10,0,0,0,0,0,0,0,0,"43"
"4315020201",0,0,0,0,0,0,0,0,0,0,0,0,0,0,0,0,0,0,0,0,0,0,0,0,0,0,0,0,0,0,0,0,0,0,0,0,0,0,0,0,0,"43"
"4315020301",2,8,2,1,0,0,0,1,0,0.2,0,0,0,0,0,0,0,0,0,0,0,0,0,0,0,0,0,0,0,1,0,0,1,0,0,0,0,0,0,0,0,"43"
"4315020401",1,6,1,1,0,0,1,0,0,0.248138957816377,0,0,0,0,0,0,0,0,0,0,0,0,0,0,0,0,0,0,1,0,0,0,0,0,0,0,0,0,0,0,0,"43"
"4315020501",2,9,3,1,1,0,0,0,0,0.303951367781155,0,0,0,0,0,0,1,0,0,0,0,0,0,0,0,0,0,0,0,0,0,0,0,0,0,0,0,0,0,0,0,"43"
"4315020601",1,5,3,1,0,0,0,1,0,0.202839756592292,0,0,0,0,0,0,0,0,0,0,0,0,0,0,0,0,0,0,0,1,0,0,0,0,0,0,0,0,0,0,0,"43"
"4315020701",0,0,0,0,0,0,0,0,0,0,0,0,0,0,0,0,0,0,0,0,0,0,0,0,0,0,0,0,0,0,0,0,0,0,0,0,0,0,0,0,0,"43"
"4315030101",2,5,4,4,0,0,0,4,0,1.23839009287926,0,0,0,0,0,0,0,0,0,0,0,0,0,0,0,0,0,0,0,0,4,0,0,0,3,0,0,0,0,0,0,"43"
"4315030201",33,104,49,44,22,19,0,9,0,14.2394822006472,0,0,0,6,18,0,0,0,0,0,19,0,3,5,0,0,0,0,0,0,9,0,0,16,10,0,0,0,0,0,0,"43"
"4315030301",15,47,14,12,0,0,0,12,0,2.321083172147,0,0,0,0,0,0,0,0,0,0,0,0,0,0,0,0,0,0,0,1,12,0,0,1,1,0,0,0,0,0,0,"43"
"4315030401",26,125,48,32,8,23,0,3,0,6.06060606060606,0,0,0,4,4,0,0,0,0,0,23,0,6,4,0,0,0,0,0,0,1,2,4,10,9,0,0,0,0,0,1,"43"
"4315030501",0,0,0,0,0,0,0,0,0,0,0,0,0,0,0,0,0,0,0,0,0,0,0,0,0,0,0,0,0,0,0,0,0,0,0,0,0,0,0,0,0,"43"
"4315030601",10,28,12,12,6,6,0,1,0,3.06122448979592,0,0,0,1,5,0,0,0,0,0,6,0,0,0,0,0,0,0,0,0,1,0,0,1,4,0,0,0,0,0,0,"43"
"4315030701",5,13,3,3,1,2,0,0,0,0.618556701030928,0,0,0,1,0,0,0,0,0,0,2,0,1,0,0,0,0,0,0,0,0,0,0,0,0,0,0,0,0,0,0,"43"
"4315030801",36,116,45,36,9,25,0,3,0,7.21442885771543,0,0,0,6,3,0,0,0,0,0,25,0,1,0,0,0,0,0,0,0,3,0,18,14,14,0,0,0,0,0,2,"43"
"4315030901",4,17,7,6,0,0,0,6,0,1.75953079178886,0,0,0,0,0,0,0,0,0,0,0,0,0,0,0,0,0,0,0,0,6,0,0,1,3,0,0,0,0,0,0,"43"
"4315031001",9,31,14,11,0,4,0,7,0,2.44988864142539,0,0,0,0,0,0,0,0,0,0,4,0,0,0,0,0,0,0,0,0,7,0,2,6,8,0,0,0,0,0,0,"43"
"4315031101",2,5,1,1,0,0,0,1,0,0.256410256410256,0,0,0,0,0,0,0,0,0,0,0,0,0,0,0,0,0,0,0,0,1,0,0,1,0,0,0,0,0,0,0,"43"
"4315031201",7,27,9,8,2,0,0,6,0,1.69851380042463,0,0,0,2,2,0,0,0,0,0,0,0,0,0,0,0,0,0,0,0,6,0,4,5,5,0,0,0,0,0,0,"43"
"4315031301",5,12,7,6,0,0,0,6,0,2.8436018957346,0,0,0,0,0,0,0,0,0,0,0,0,0,0,0,0,0,0,0,0,6,0,0,0,0,0,0,0,0,0,0,"43"
"4315031401",5,20,5,3,1,0,0,2,0,0.315126050420168,0,0,0,1,0,0,0,0,0,0,0,0,0,0,0,0,0,0,0,0,2,0,1,1,1,0,0,0,0,0,0,"43"
"4315031501",20,61,26,19,7,13,0,0,0,5.8282208588957,0,0,0,3,4,0,0,0,0,0,13,0,0,0,0,0,0,0,0,0,0,0,3,3,1,0,0,0,0,0,0,"43"
"4315031601",4,12,4,3,0,0,0,3,0,0.845070422535211,0,0,0,0,0,0,0,0,0,0,0,0,0,0,0,0,0,0,0,0,3,0,0,1,0,0,0,0,0,0,0,"43"
"4315031701",24,80,28,24,1,9,0,15,0,6,0,0,0,0,1,0,0,0,1,0,9,0,0,0,0,0,0,0,0,0,13,2,2,1,6,0,0,0,0,0,0,"43"
"4315031801",3,10,1,1,0,0,0,1,0,0.160513643659711,0,0,0,0,0,0,0,0,0,0,0,0,0,0,0,0,0,0,0,1,0,0,0,0,0,0,0,0,0,0,0,"43"
"4315031901",11,40,18,13,4,6,0,5,0,3.69318181818182,0,0,0,2,2,0,0,0,0,0,6,0,1,0,0,0,0,0,0,0,5,0,0,0,0,0,0,0,0,0,0,"43"
"4315032001",7,18,10,10,1,3,0,8,0,4.36681222707424,0,0,0,0,0,0,1,0,0,0,3,0,1,0,0,0,0,0,0,2,4,3,0,0,2,0,0,0,0,0,0,"43"
"4315040101",45,165,61,51,19,47,0,0,0,6.15942028985507,0,0,0,2,16,0,1,0,0,2,47,0,3,0,0,0,0,0,0,0,0,0,17,19,17,1,0,0,0,0,1,"43"
"4315040201",2,6,1,0,0,0,0,0,0,0,0,0,0,0,0,0,0,0,0,0,0,0,0,0,0,0,0,0,0,0,0,0,0,0,0,0,0,0,0,0,0,"43"
"4315040301",16,90,26,20,3,7,1,12,0,1.93050193050193,0,0,0,3,0,0,0,0,0,0,7,0,0,0,0,0,0,0,1,0,9,3,9,13,11,0,0,0,0,0,0,"43"
"4315040401",0,0,0,0,0,0,0,0,0,0,0,0,0,0,0,0,0,0,0,0,0,0,0,0,0,0,0,0,0,0,0,0,0,0,0,0,0,0,0,0,0,"43"
"4315040501",15,59,12,10,0,0,0,10,0,1.96078431372549,0,0,0,0,0,0,0,0,0,0,0,0,0,0,0,0,0,0,0,0,10,0,2,3,3,0,0,0,0,0,0,"43"
"4315040601",5,35,7,6,1,0,0,5,0,1.51515151515152,0,0,0,0,1,0,0,0,0,0,0,0,0,0,0,0,0,0,0,0,1,4,4,1,2,0,0,0,0,0,0,"43"
"4315040701",3,7,3,3,2,1,0,0,0,0.543478260869565,0,0,0,1,1,0,0,0,0,0,1,0,0,0,0,0,0,0,0,0,0,0,1,1,1,0,0,0,0,0,0,"43"
"4315040801",3,15,1,1,0,1,0,0,0,0.0952380952380952,0,0,0,0,0,0,0,0,0,0,1,0,0,0,0,0,0,0,0,0,0,0,1,0,1,0,0,0,0,0,0,"43"
"4315040901",33,123,41,37,30,4,0,6,0,10.0271002710027,0,0,0,19,23,0,0,0,0,0,4,0,0,0,0,0,0,0,0,0,6,0,8,11,17,0,0,0,0,0,0,"43"
"4315041001",1,3,2,2,0,2,0,0,0,0.292397660818713,0,0,0,0,0,0,0,0,0,0,2,0,0,0,0,0,0,0,0,0,0,0,0,0,0,0,0,0,0,0,0,"43"
"4315041101",32,128,25,22,15,16,0,1,0,6.98412698412698,0,0,0,1,15,0,0,0,0,0,16,0,0,0,0,0,0,0,0,0,0,1,2,17,11,0,0,0,0,0,0,"43"
"4315041201",6,23,8,7,3,0,0,4,0,1.67464114832536,0,0,0,0,3,0,0,0,0,0,0,0,0,0,0,0,0,0,0,2,4,0,4,1,1,0,0,0,0,0,0,"43"
"4315041301",10,58,9,8,1,1,0,6,0,1.32231404958678,0,0,0,1,1,0,0,0,0,0,1,0,0,0,0,0,0,0,0,0,6,0,4,7,5,0,0,0,0,0,0,"43"
"4315041401",2,9,4,4,0,0,0,4,0,0.792079207920792,0,0,0,0,0,0,0,0,0,0,0,0,0,0,0,0,0,0,0,0,4,0,0,0,0,0,0,0,0,0,0,"43"
"4315041501",4,22,9,9,3,6,0,0,0,1.53321976149915,0,0,0,0,3,0,0,0,0,0,6,0,0,0,0,0,0,0,0,0,0,0,6,2,6,0,0,0,0,0,0,"43"
"4315050101",2,10,5,4,0,0,0,4,0,1.26582278481013,0,0,0,0,0,0,0,0,0,0,0,0,0,0,0,0,0,0,0,0,3,1,0,0,0,0,0,0,0,0,0,"43"
"4315050201",2,4,2,2,0,0,0,2,0,0.440528634361234,0,0,0,0,0,0,0,0,0,0,0,0,0,0,0,0,0,0,0,0,0,2,0,0,0,0,0,0,0,0,0,"43"
"4315050301",3,10,3,3,0,0,0,3,0,0.857142857142857,0,0,0,0,0,0,0,0,0,0,0,0,0,0,0,0,0,0,0,0,0,3,0,0,0,0,0,0,0,0,0,"43"
"4315050401",0,0,0,0,0,0,0,0,0,0,0,0,0,0,0,0,0,0,0,0,0,0,0,0,0,0,0,0,0,0,0,0,0,0,0,0,0,0,0,0,0,"43"
"4315050501",0,0,0,0,0,0,0,0,0,0,0,0,0,0,0,0,0,0,0,0,0,0,0,0,0,0,0,0,0,0,0,0,0,0,0,0,0,0,0,0,0,"43"
"4315050601",5,15,5,5,2,0,0,3,0,0.93984962406015,0,0,0,2,0,0,0,0,0,0,0,0,0,0,0,0,0,0,0,0,3,0,0,0,0,0,0,0,0,0,0,"43"
"4315050701",1,2,2,2,0,0,0,2,0,0.416666666666667,0,0,0,0,0,0,0,0,0,0,0,0,0,0,0,0,0,0,0,0,2,0,0,0,0,0,0,0,0,0,0,"43"
"4315050801",2,9,3,3,0,0,0,3,0,0.892857142857143,0,0,0,0,0,0,0,0,0,0,0,0,0,0,0,0,0,0,0,0,2,1,0,0,0,0,0,0,0,0,0,"43"
"4315050901",0,0,0,0,0,0,0,0,0,0,0,0,0,0,0,0,0,0,0,0,0,0,0,0,0,0,0,0,0,0,0,0,0,0,0,0,0,0,0,0,0,"43"
"4315051001",1,2,2,2,0,0,0,2,0,0.754716981132076,0,0,0,0,0,0,0,0,0,0,0,0,0,0,0,0,0,0,0,0,0,2,0,0,0,0,0,0,0,0,0,"43"
"4315051101",1,4,3,3,0,0,0,3,0,0.528169014084507,0,0,0,0,0,0,0,0,0,0,0,0,0,0,0,0,0,0,0,0,3,0,0,0,0,0,0,0,0,0,0,"43"
"4315051201",1,3,0,0,0,0,0,0,0,0,0,0,0,0,0,0,0,0,0,0,0,0,0,0,0,0,0,0,0,0,0,0,0,0,0,0,0,0,0,0,0,"43"
"4315051301",0,0,0,0,0,0,0,0,0,0,0,0,0,0,0,0,0,0,0,0,0,0,0,0,0,0,0,0,0,0,0,0,0,0,0,0,0,0,0,0,0,"43"
"4315051401",0,0,0,0,0,0,0,0,0,0,0,0,0,0,0,0,0,0,0,0,0,0,0,0,0,0,0,0,0,0,0,0,0,0,0,0,0,0,0,0,0,"43"
"4316010101",1,12,2,2,0,0,0,2,0,0.623052959501558,0,0,0,0,0,0,0,0,0,0,0,0,0,0,0,0,0,0,0,0,0,2,0,0,2,0,0,0,0,0,0,"43"
"4316010201",0,0,0,0,0,0,0,0,0,0,0,0,0,0,0,0,0,0,0,0,0,0,0,0,0,0,0,0,0,0,0,0,0,0,0,0,0,0,0,0,0,"43"
"4316010301",1,3,1,0,0,0,0,0,0,0,0,0,0,0,0,0,0,0,0,0,0,0,0,0,0,0,0,0,0,0,0,0,0,0,0,0,0,0,0,0,0,"43"
"4316010401",0,0,0,0,0,0,0,0,0,0,0,0,0,0,0,0,0,0,0,0,0,0,0,0,0,0,0,0,0,0,0,0,0,0,0,0,0,0,0,0,0,"43"
"4316010501",0,0,0,0,0,0,0,0,0,0,0,0,0,0,0,0,0,0,0,0,0,0,0,0,0,0,0,0,0,0,0,0,0,0,0,0,0,0,0,0,0,"43"
"4316010601",1,1,1,0,0,0,0,0,0,0,0,0,0,0,0,0,0,0,0,0,0,0,0,0,0,0,0,0,0,0,0,0,0,0,0,0,0,0,0,0,0,"43"
"4316010701",59,190,46,38,26,24,0,0,0,8.71559633027523,0,0,0,21,23,0,0,5,3,3,20,1,29,2,0,0,0,0,0,0,0,0,2,25,27,0,0,0,0,2,0,"43"
"4316010801",9,28,8,6,6,0,0,0,0,1.84615384615385,0,0,0,0,6,0,0,0,0,0,0,0,0,0,0,0,0,0,0,0,0,0,2,1,1,0,0,0,0,0,5,"43"
"4316010901",2,10,3,3,0,0,0,3,0,0.75187969924812,0,0,0,0,0,0,0,0,0,0,0,0,0,0,0,0,0,0,0,0,0,3,0,0,0,0,0,0,0,0,0,"43"
"4316011001",3,5,4,4,4,0,0,0,0,1.21212121212121,0,0,0,0,0,0,4,0,0,0,0,0,0,0,0,0,0,0,0,0,0,0,3,3,4,0,0,0,0,0,0,"43"
"4316011101",66,209,51,29,5,29,0,0,0,4.03337969401947,0,0,0,2,3,0,0,0,0,0,29,2,5,0,0,0,0,0,0,0,0,0,1,20,16,0,0,0,0,2,0,"43"
"4316011201",6,22,4,2,0,2,0,0,0,0.45766590389016,0,0,0,0,0,0,0,0,0,0,2,0,2,0,0,0,0,0,0,0,0,0,0,0,2,0,0,0,0,0,0,"43"
"4316020101",0,0,0,0,0,0,0,0,0,0,0,0,0,0,0,0,0,0,0,0,0,0,0,0,0,0,0,0,0,0,0,0,0,0,0,0,0,0,0,0,0,"43"
"4316020201",0,0,0,0,0,0,0,0,0,0,0,0,0,0,0,0,0,0,0,0,0,0,0,0,0,0,0,0,0,0,0,0,0,0,0,0,0,0,0,0,0,"43"
"4316020301",0,0,0,0,0,0,0,0,0,0,0,0,0,0,0,0,0,0,0,0,0,0,0,0,0,0,0,0,0,0,0,0,0,0,0,0,0,0,0,0,0,"43"
"4316020401",2,9,2,2,0,2,0,0,0,0.873362445414847,0,0,0,0,0,0,0,0,0,0,2,0,0,0,0,0,0,0,0,0,0,0,2,0,0,0,0,0,0,0,0,"43"
"4316020501",20,74,16,16,0,1,0,15,0,2.58064516129032,0,0,0,0,0,1,0,0,0,0,1,0,0,0,0,0,0,0,0,5,10,0,5,7,8,1,0,1,0,0,1,"43"
"4316020601",0,0,0,0,0,0,0,0,0,0,0,0,0,0,0,0,0,0,0,0,0,0,0,0,0,0,0,0,0,0,0,0,0,0,0,0,0,0,0,0,0,"43"
"4316020701",20,53,16,15,3,12,0,0,0,2.57731958762887,0,0,0,1,3,0,0,2,0,0,12,0,0,0,0,0,0,0,0,0,0,0,4,5,9,2,0,0,0,0,0,"43"
"4316020801",1,4,2,2,0,2,0,0,0,0.51150895140665,0,0,0,0,0,0,0,0,0,0,2,0,0,0,0,0,0,0,0,0,0,0,0,0,0,0,0,0,0,0,0,"43"
"4316020901",0,0,0,0,0,0,0,0,0,0,0,0,0,0,0,0,0,0,0,0,0,0,0,0,0,0,0,0,0,0,0,0,0,0,0,0,0,0,0,0,0,"43"
"4316021001",1,3,0,0,0,0,0,0,0,0,0,0,0,0,0,0,0,0,0,0,0,0,0,0,0,0,0,0,0,0,0,0,0,0,0,0,0,0,0,0,0,"43"
"4316021101",0,0,0,0,0,0,0,0,0,0,0,0,0,0,0,0,0,0,0,0,0,0,0,0,0,0,0,0,0,0,0,0,0,0,0,0,0,0,0,0,0,"43"
"4316030101",0,0,0,0,0,0,0,0,0,0,0,0,0,0,0,0,0,0,0,0,0,0,0,0,0,0,0,0,0,0,0,0,0,0,0,0,0,0,0,0,0,"43"
"4316030201",0,0,0,0,0,0,0,0,0,0,0,0,0,0,0,0,0,0,0,0,0,0,0,0,0,0,0,0,0,0,0,0,0,0,0,0,0,0,0,0,0,"43"
"4316030301",3,7,0,0,0,0,0,0,0,0,0,0,0,0,0,0,0,0,0,0,0,0,0,0,0,0,0,0,0,0,0,0,0,0,0,0,0,0,0,0,0,"43"
"4316030401",2,6,2,2,0,0,0,2,0,0.540540540540541,0,0,0,0,0,0,0,0,0,0,0,0,0,0,0,0,0,0,0,0,0,2,0,0,0,0,0,0,0,0,0,"43"
"4316030501",0,0,0,0,0,0,0,0,0,0,0,0,0,0,0,0,0,0,0,0,0,0,0,0,0,0,0,0,0,0,0,0,0,0,0,0,0,0,0,0,0,"43"
"4316030601",1,1,1,1,0,0,0,1,0,1.05263157894737,0,0,0,0,0,0,0,0,0,0,0,0,0,0,0,0,0,0,0,0,1,0,0,0,0,0,0,0,0,0,0,"43"
"4316030701",9,20,6,4,0,0,0,4,0,0.62402496099844,0,0,0,0,0,0,0,0,0,0,0,0,0,0,0,0,0,0,0,0,0,4,0,1,0,0,0,0,0,0,0,"43"
"4316030801",0,0,0,0,0,0,0,0,0,0,0,0,0,0,0,0,0,0,0,0,0,0,0,0,0,0,0,0,0,0,0,0,0,0,0,0,0,0,0,0,0,"43"
"4316030901",0,0,0,0,0,0,0,0,0,0,0,0,0,0,0,0,0,0,0,0,0,0,0,0,0,0,0,0,0,0,0,0,0,0,0,0,0,0,0,0,0,"43"
"4316040101",11,47,14,14,0,0,0,14,0,2.734375,0,0,0,0,0,1,0,0,0,0,0,0,0,0,0,0,0,0,0,7,7,0,1,7,7,0,0,0,0,0,0,"43"
"4316040201",40,123,35,27,4,6,1,20,0,4.83005366726297,0,0,0,1,1,8,3,0,0,0,6,0,1,0,0,0,1,0,0,11,13,0,7,13,10,0,0,0,0,0,7,"43"
"4316040301",23,71,13,12,7,6,2,5,0,3.27868852459016,0,0,0,5,0,3,3,2,0,0,6,0,0,0,0,0,2,0,0,4,2,0,1,10,10,0,0,0,0,1,0,"43"
"4316040401",0,0,0,0,0,0,0,0,0,0,0,0,0,0,0,0,0,0,0,0,0,0,0,0,0,0,0,0,0,0,0,0,0,0,0,0,0,0,0,0,0,"43"
"4316040501",19,79,27,18,1,0,0,17,0,2.74390243902439,0,0,0,0,0,0,1,0,0,0,0,0,0,0,0,0,0,0,0,1,16,0,8,8,5,0,0,0,0,0,0,"43"
"4316040601",33,96,32,32,9,24,0,0,0,11.3475177304965,0,0,0,9,1,0,0,0,0,0,24,0,3,0,0,0,0,0,0,0,0,0,2,9,12,0,0,0,0,0,0,"43"
"4316040701",16,57,22,19,4,1,0,17,0,2.82317979197623,0,0,0,3,0,4,1,1,0,0,0,0,0,0,0,0,0,0,0,12,11,0,0,8,14,5,0,0,0,0,1,"43"
"4316040801",70,247,56,39,12,20,0,27,0,8.22784810126582,0,2,0,1,12,6,1,5,0,0,16,5,4,0,0,0,0,0,0,20,9,0,18,13,25,2,0,0,0,0,10,"43"
"4316040901",23,89,23,21,7,8,3,15,0,5.41237113402062,0,0,0,1,5,1,2,2,0,0,6,0,5,0,0,0,3,0,0,13,11,0,10,11,16,4,0,0,0,0,10,"43"
"4316041001",1,4,4,4,4,0,0,0,0,3.7037037037037,0,0,0,4,4,0,0,0,0,0,0,0,0,0,0,0,0,0,0,0,0,0,0,0,4,0,0,0,0,0,0,"43"
"4316041101",51,186,66,52,15,13,0,33,0,7.84313725490196,0,0,0,9,9,34,0,4,0,2,8,5,3,0,0,0,0,0,0,19,22,0,14,35,21,0,0,0,0,0,1,"43"
"4316041201",49,217,61,60,31,1,0,44,0,13.215859030837,2,3,0,3,23,8,3,0,0,0,1,0,0,0,0,0,0,0,0,15,30,0,3,33,35,0,0,0,0,0,18,"43"
"4316041301",33,128,37,36,4,6,2,31,0,7.11462450592885,0,0,0,0,4,9,0,0,0,0,6,0,0,0,0,0,2,0,0,16,17,0,7,6,15,0,0,0,0,0,16,"43"
"4316041401",1,3,2,2,0,0,0,2,0,0.961538461538462,0,0,0,0,0,0,0,0,0,0,0,0,0,0,0,0,0,0,0,2,0,0,2,0,0,0,0,0,0,0,0,"43"
"4316041501",0,0,0,0,0,0,0,0,0,0,0,0,0,0,0,0,0,0,0,0,0,0,0,0,0,0,0,0,0,0,0,0,0,0,0,0,0,0,0,0,0,"43"
"4316041601",20,58,15,12,0,4,2,7,0,3.69230769230769,0,0,0,0,0,0,0,2,0,0,4,1,0,0,0,0,2,0,0,2,5,0,1,2,3,0,0,0,0,0,5,"43"
"4316041701",5,15,6,2,1,1,0,0,0,0.78740157480315,0,0,0,0,0,1,1,1,0,0,0,0,0,0,0,0,0,0,0,0,0,0,1,1,1,0,0,0,0,0,0,"43"
"4316050101",0,0,0,0,0,0,0,0,0,0,0,0,0,0,0,0,0,0,0,0,0,0,0,0,0,0,0,0,0,0,0,0,0,0,0,0,0,0,0,0,0,"43"
"4316050201",1,3,0,0,0,0,0,0,0,0,0,0,0,0,0,0,0,0,0,0,0,0,0,0,0,0,0,0,0,0,0,0,0,0,0,0,0,0,0,0,0,"43"
"4316050301",1,1,0,0,0,0,0,0,0,0,0,0,0,0,0,0,0,0,0,0,0,0,0,0,0,0,0,0,0,0,0,0,0,0,0,0,0,0,0,0,0,"43"
"4316050401",2,9,4,4,0,0,0,4,0,0.672268907563025,0,0,0,0,0,0,0,0,0,0,0,0,0,0,0,0,0,0,0,0,0,4,4,4,4,0,0,0,0,0,0,"43"
"4316050501",0,0,0,0,0,0,0,0,0,0,0,0,0,0,0,0,0,0,0,0,0,0,0,0,0,0,0,0,0,0,0,0,0,0,0,0,0,0,0,0,0,"43"
"4316050601",1,3,1,0,0,0,0,0,0,0,0,0,0,0,0,0,0,0,0,0,0,0,0,0,0,0,0,0,0,0,0,0,0,0,0,0,0,0,0,0,0,"43"
"4316050701",0,0,0,0,0,0,0,0,0,0,0,0,0,0,0,0,0,0,0,0,0,0,0,0,0,0,0,0,0,0,0,0,0,0,0,0,0,0,0,0,0,"43"
"4316050801",0,0,0,0,0,0,0,0,0,0,0,0,0,0,0,0,0,0,0,0,0,0,0,0,0,0,0,0,0,0,0,0,0,0,0,0,0,0,0,0,0,"43"
"4316050901",0,0,0,0,0,0,0,0,0,0,0,0,0,0,0,0,0,0,0,0,0,0,0,0,0,0,0,0,0,0,0,0,0,0,0,0,0,0,0,0,0,"43"
"4316051001",2,8,2,2,0,0,0,2,0,0.740740740740741,0,0,0,0,0,0,0,0,0,0,0,0,0,0,0,0,0,0,0,0,0,2,0,0,0,0,0,0,0,0,0,"43"
"4316051101",2,5,2,1,0,1,0,0,0,0.3125,0,0,0,0,0,0,0,1,0,0,0,0,0,0,0,0,0,0,0,0,0,0,0,0,0,0,0,0,0,0,0,"43"
"4316051201",26,131,35,32,25,19,0,2,0,8.81542699724518,0,0,0,0,25,0,0,0,0,0,19,0,0,0,0,0,0,0,0,0,1,1,0,15,14,0,0,0,0,0,3,"43"
"4316051301",0,0,0,0,0,0,0,0,0,0,0,0,0,0,0,0,0,0,0,0,0,0,0,0,0,0,0,0,0,0,0,0,0,0,0,0,0,0,0,0,0,"43"
"4317010101",0,0,0,0,0,0,0,0,0,0,0,0,0,0,0,0,0,0,0,0,0,0,0,0,0,0,0,0,0,0,0,0,0,0,0,0,0,0,0,0,0,"43"
"4317010201",4,9,2,2,0,0,0,2,0,0.435729847494553,0,0,0,0,0,0,0,0,0,0,0,0,0,0,0,0,0,0,0,2,0,0,0,0,0,0,0,0,0,0,0,"43"
"4317010301",3,11,5,4,0,0,0,4,0,0.943396226415094,0,0,0,0,0,0,0,0,0,0,0,0,0,0,0,0,0,0,0,4,0,0,0,0,0,0,0,0,0,0,0,"43"
"4317010401",0,0,0,0,0,0,0,0,0,0,0,0,0,0,0,0,0,0,0,0,0,0,0,0,0,0,0,0,0,0,0,0,0,0,0,0,0,0,0,0,0,"43"
"4317010501",1,2,1,1,1,0,0,0,0,0.248138957816377,0,0,0,1,0,0,0,0,0,0,0,0,0,0,0,0,0,0,0,0,0,0,0,0,0,0,0,0,0,0,0,"43"
"4317010601",3,15,8,7,0,0,0,7,0,1.85676392572944,0,0,0,0,0,0,0,0,0,0,0,0,0,0,0,0,0,0,0,0,0,7,0,0,0,0,0,0,0,0,0,"43"
"4317010701",0,0,0,0,0,0,0,0,0,0,0,0,0,0,0,0,0,0,0,0,0,0,0,0,0,0,0,0,0,0,0,0,0,0,0,0,0,0,0,0,0,"43"
"4317020101",2,5,1,0,0,0,0,0,0,0,0,0,0,0,0,0,0,0,0,0,0,0,0,0,0,0,0,0,0,0,0,0,0,0,0,0,0,0,0,0,0,"43"
"4317020201",2,6,2,2,1,0,1,0,0,0.638977635782748,0,0,0,0,0,1,1,0,0,0,0,0,0,0,0,1,0,0,0,0,0,0,0,0,0,0,0,0,0,0,0,"43"
"4317020301",4,17,5,4,1,0,2,1,0,1.63265306122449,0,0,0,0,0,0,1,0,0,0,0,0,0,0,0,2,0,0,0,0,0,1,1,0,0,0,0,0,0,0,0,"43"
"4317020401",3,12,4,3,0,0,0,3,0,1.15830115830116,0,0,0,0,0,0,0,0,0,0,0,0,0,0,0,0,0,0,0,0,0,3,0,0,0,0,0,0,0,0,0,"43"
"4317020501",3,15,4,2,0,1,0,1,0,0.352733686067019,0,0,0,0,0,0,0,0,0,0,1,0,0,0,0,0,0,0,0,1,0,0,0,0,1,0,0,0,0,0,0,"43"
"4317020601",4,11,4,4,0,0,0,4,0,0.603318250377074,0,0,0,0,0,0,0,0,0,0,0,0,0,0,0,0,0,0,0,0,2,2,0,0,0,0,0,0,0,0,0,"43"
"4317020701",0,0,0,0,0,0,0,0,0,0,0,0,0,0,0,0,0,0,0,0,0,0,0,0,0,0,0,0,0,0,0,0,0,0,0,0,0,0,0,0,0,"43"
"4317020801",6,15,6,6,0,0,2,4,0,1.875,0,0,0,0,0,0,0,0,0,0,0,0,0,0,0,0,0,0,2,0,0,4,0,0,0,0,0,0,0,0,0,"43"
"4317020901",1,3,2,2,0,0,2,0,0,0.615384615384615,0,0,0,0,0,0,0,0,0,0,0,0,0,0,0,2,0,0,0,0,0,0,0,0,2,0,0,0,0,0,0,"43"
"4317021001",2,8,2,1,0,1,0,0,0,0.237529691211401,0,0,0,0,0,0,0,0,1,0,0,0,0,0,0,0,0,0,0,0,0,0,0,0,0,0,0,0,0,0,0,"43"
"4317021101",0,0,0,0,0,0,0,0,0,0,0,0,0,0,0,0,0,0,0,0,0,0,0,0,0,0,0,0,0,0,0,0,0,0,0,0,0,0,0,0,0,"43"
"4317030101",0,0,0,0,0,0,0,0,0,0,0,0,0,0,0,0,0,0,0,0,0,0,0,0,0,0,0,0,0,0,0,0,0,0,0,0,0,0,0,0,0,"43"
"4317030201",2,6,0,0,0,0,0,0,0,0,0,0,0,0,0,0,0,0,0,0,0,0,0,0,0,0,0,0,0,0,0,0,0,0,0,0,0,0,0,0,0,"43"
"4317030301",4,16,8,5,0,0,0,5,0,0.853242320819113,0,0,0,0,0,0,0,0,0,0,0,0,0,0,0,0,0,0,0,1,0,4,0,0,0,0,0,0,0,0,0,"43"
"4317030401",0,0,0,0,0,0,0,0,0,0,0,0,0,0,0,0,0,0,0,0,0,0,0,0,0,0,0,0,0,0,0,0,0,0,0,0,0,0,0,0,0,"43"
"4317030501",6,27,9,9,0,1,0,8,0,2.35602094240838,0,0,0,0,0,0,0,0,0,0,1,0,0,0,0,0,0,0,0,4,4,0,0,0,0,0,0,0,0,0,0,"43"
"4317030601",0,0,0,0,0,0,0,0,0,0,0,0,0,0,0,0,0,0,0,0,0,0,0,0,0,0,0,0,0,0,0,0,0,0,0,0,0,0,0,0,0,"43"
"4317030701",0,0,0,0,0,0,0,0,0,0,0,0,0,0,0,0,0,0,0,0,0,0,0,0,0,0,0,0,0,0,0,0,0,0,0,0,0,0,0,0,0,"43"
"4317030801",0,0,0,0,0,0,0,0,0,0,0,0,0,0,0,0,0,0,0,0,0,0,0,0,0,0,0,0,0,0,0,0,0,0,0,0,0,0,0,0,0,"43"
"4317030901",0,0,0,0,0,0,0,0,0,0,0,0,0,0,0,0,0,0,0,0,0,0,0,0,0,0,0,0,0,0,0,0,0,0,0,0,0,0,0,0,0,"43"
