"village_ID","household.CNT","HOUSEMEMBER_CNT","MOF_REG_CNT","MOF_VAL_CNT","ELDERLY_CNT","DISABLED_CNT","CHRONICPATIENT_CNT","happiness","indicator1.ALL","indicator2.ALL","indicator3.ALL","indicator4.ALL","indicator5.ALL","indicator6.ALL","indicator7.ALL","indicator8.ALL","indicator9.ALL","indicator10.ALL","indicator11.ALL","indicator12.ALL","indicator13.ALL","indicator14.ALL","indicator15.ALL","indicator16.ALL","indicator17.ALL","indicator18.ALL","indicator19.ALL","indicator20.ALL","indicator21.ALL","indicator22.ALL","indicator23.ALL","indicator24.ALL","indicator25.ALL","indicator26.ALL","indicator27.ALL","indicator28.ALL","indicator29.ALL","indicator30.ALL","indicator31.ALL","indicator1.CNT","indicator2.CNT","indicator3.CNT","indicator4.CNT","indicator5.CNT","indicator6.CNT","indicator7.CNT","indicator8.CNT","indicator9.CNT","indicator10.CNT","indicator11.CNT","indicator12.CNT","indicator13.CNT","indicator14.CNT","indicator15.CNT","indicator16.CNT","indicator17.CNT","indicator18.CNT","indicator19.CNT","indicator20.CNT","indicator21.CNT","indicator22.CNT","indicator23.CNT","indicator24.CNT","indicator25.CNT","indicator26.CNT","indicator27.CNT","indicator28.CNT","indicator29.CNT","indicator30.CNT","indicator31.CNT","province_ID"
"8201020101",124,317,95,69,95,0,1,7.55645161290323,5,5,16,317,317,313,317,317,317,317,317,317,317,317,5,22,0,0,286,283,194,317,317,317,317,317,194,0,2,317,317,0,0,0,0,0,14,9,0,0,0,0,0,0,0,0,0,0,0,0,0,0,0,56,13,81,0,0,0,0,0,0,"82"
"8201020201",109,302,50,33,121,1,1,7.73394495412844,8,0,60,302,302,300,302,302,302,302,302,302,302,302,29,47,0,0,237,235,223,302,302,302,302,302,223,6,4,302,302,0,0,0,0,0,3,13,0,0,0,0,0,0,0,0,0,0,0,0,0,0,0,160,9,69,0,0,0,0,0,0,"82"
"8201020301",358,869,181,135,278,3,3,8.88268156424581,4,4,187,869,869,854,866,869,869,869,869,869,869,869,57,149,0,0,745,743,511,869,869,869,869,869,511,10,8,869,869,0,0,0,0,0,0,0,0,0,0,0,0,1,0,0,0,0,0,0,0,0,0,205,0,4,0,0,0,0,0,0,"82"
"8201020401",262,696,153,125,177,1,0,7.40839694656489,0,0,144,696,696,687,696,696,696,696,696,696,696,696,0,161,0,0,615,607,373,696,696,696,696,696,373,1,0,696,696,0,0,0,0,0,37,8,0,0,0,0,0,0,0,0,0,0,0,0,0,0,0,658,5,62,0,0,0,0,0,0,"82"
"8201020501",127,256,88,76,76,0,1,8.60629921259843,0,0,36,256,256,244,256,256,256,256,256,256,256,256,20,32,0,0,210,207,136,256,256,256,256,256,136,0,2,256,256,0,0,0,0,0,1,0,0,0,0,0,0,0,0,0,0,0,0,0,0,0,0,0,0,0,0,0,0,0,0,0,"82"
"8201020601",137,413,82,67,106,1,2,8.58394160583942,11,0,136,413,413,412,410,413,413,413,413,413,413,413,65,114,0,0,376,368,261,413,413,413,413,413,261,1,14,413,413,0,0,0,0,0,0,0,0,0,0,0,0,4,0,0,0,0,0,0,0,0,0,0,0,49,0,0,0,0,0,0,"82"
"8201020701",220,550,132,107,121,1,9,8.78636363636364,0,0,158,550,550,539,546,550,550,550,550,550,550,550,31,169,0,0,505,498,289,550,550,550,550,550,289,3,24,550,550,0,0,0,0,0,0,0,0,0,0,0,0,0,0,0,0,0,0,0,0,0,0,30,0,0,0,0,0,0,0,0,"82"
"8201020801",78,210,36,28,42,0,0,8.91025641025641,0,0,93,210,210,206,210,210,210,210,210,210,210,210,18,83,0,0,197,194,98,210,209,210,210,210,98,0,0,210,210,0,0,0,0,0,0,0,0,0,0,0,0,0,0,0,0,0,0,0,0,0,0,0,0,0,0,0,0,0,0,2,"82"
"8201030101",175,405,59,49,130,5,20,7.23428571428571,0,0,86,405,405,395,405,405,405,405,405,405,405,405,34,92,0,0,347,338,269,405,405,405,405,405,270,16,56,405,405,0,0,0,0,0,20,8,0,0,0,2,0,0,0,0,0,0,0,0,0,0,0,253,0,29,0,0,0,0,0,0,"82"
"8201030201",116,358,64,55,52,1,4,6.66379310344828,13,13,204,358,358,353,358,358,358,358,358,358,358,358,44,180,0,0,339,335,141,358,358,358,358,358,141,6,12,358,358,0,0,0,0,0,9,4,0,0,0,0,0,0,0,0,0,0,0,0,0,0,0,298,0,108,0,0,0,0,0,0,"82"
"8201030301",446,1076,151,126,135,8,18,7.34529147982063,4,4,410,1076,1076,1011,1076,1076,1076,1076,1076,1076,1076,1076,123,390,0,0,1022,1010,333,1076,1076,1076,1076,1076,341,26,43,1076,1076,0,0,0,0,0,650,3,0,0,0,0,0,0,0,0,0,0,0,0,0,4,0,417,0,158,0,0,0,0,1,0,"82"
"8201030401",160,422,69,50,98,4,3,8.13125,0,0,131,422,422,416,422,422,422,422,422,422,422,422,40,136,0,0,375,371,233,422,422,422,422,422,233,12,5,422,422,0,0,0,0,0,10,6,0,0,0,0,0,0,0,0,0,0,0,0,0,0,0,64,0,107,0,0,0,0,0,0,"82"
"8201040101",126,442,76,70,68,9,16,8.40476190476191,36,19,288,442,442,414,442,442,442,442,442,442,442,442,72,219,0,0,416,413,198,442,442,442,442,442,198,35,51,442,442,0,0,0,0,0,396,2,0,0,0,0,389,0,0,0,0,0,0,0,0,0,0,130,0,205,0,0,0,0,0,0,"82"
"8201040201",83,292,56,43,59,3,23,8.36144578313253,7,7,115,292,292,287,292,292,292,292,292,292,292,292,32,100,0,0,273,268,158,292,292,292,292,292,158,7,71,292,292,0,0,0,0,0,96,0,0,0,0,0,0,0,0,0,0,0,0,0,0,0,0,226,0,176,0,0,0,0,0,0,"82"
"8201040301",247,761,153,126,153,8,28,7.42914979757085,30,23,367,761,761,745,761,761,761,761,761,761,761,761,158,332,0,0,696,689,361,761,761,761,761,761,361,25,95,761,761,0,0,0,0,0,291,9,0,0,0,0,0,0,0,0,0,0,0,0,0,0,0,296,0,286,0,0,0,0,0,0,"82"
"8201040401",333,956,174,136,231,27,135,8.78078078078078,55,45,401,956,956,915,956,956,956,956,956,956,956,956,144,313,47,0,851,830,442,956,956,956,956,956,442,82,343,956,956,0,0,0,0,0,536,0,0,0,0,0,0,0,0,0,0,0,0,0,0,0,0,0,59,60,0,0,0,0,0,0,"82"
"8201040501",227,784,210,188,139,12,38,7.57709251101322,21,21,399,784,784,748,784,784,784,784,784,784,784,784,95,391,0,0,740,737,375,784,784,784,784,784,380,51,118,784,784,0,0,0,0,0,114,19,0,0,0,0,0,0,0,0,0,0,0,0,0,0,0,486,0,404,0,0,0,0,0,0,"82"
"8201040601",159,697,195,172,108,5,2,8.06289308176101,25,25,424,697,697,677,697,697,697,697,697,697,697,697,146,387,0,0,668,662,318,697,697,697,697,697,318,18,8,697,697,0,0,0,0,0,83,2,0,0,0,0,0,0,0,0,0,0,0,0,0,0,0,352,0,347,0,0,0,0,0,0,"82"
"8201040701",65,212,34,29,44,1,0,8.93846153846154,4,4,82,212,212,196,212,212,212,212,212,212,212,212,2,95,0,0,203,203,118,212,212,212,212,212,118,6,0,212,212,0,0,0,0,0,175,0,0,0,0,0,0,0,0,0,0,0,0,0,0,0,0,12,0,113,0,0,0,0,0,0,"82"
"8201040801",64,240,69,66,24,0,0,8.453125,0,0,145,240,240,222,240,240,240,240,240,240,240,240,35,152,0,0,236,234,73,240,240,240,240,240,73,0,0,240,240,0,0,0,0,0,7,2,0,0,0,0,0,0,0,0,0,0,0,0,0,0,0,9,0,143,0,0,0,0,0,0,"82"
"8201040901",167,672,204,190,69,15,44,7.5688622754491,8,8,461,672,672,639,672,672,672,672,672,672,672,672,156,409,0,0,653,650,218,672,672,672,672,672,219,52,149,672,672,0,0,0,0,0,224,3,0,0,0,0,0,0,0,0,0,0,0,0,0,0,0,602,0,341,4,0,0,0,0,0,"82"
"8201050101",137,424,97,74,97,1,4,8.38686131386861,6,6,201,424,424,408,407,424,424,424,424,424,424,424,73,155,0,0,383,381,230,424,424,424,424,424,230,6,14,424,424,0,0,0,1,0,198,1,0,0,0,5,23,1,0,0,0,0,0,0,0,0,0,177,61,53,0,0,0,0,0,0,"82"
"8201050201",235,666,105,88,136,13,26,8.26382978723404,10,5,282,666,666,655,658,666,666,666,666,666,666,666,61,291,0,0,612,612,308,666,666,666,666,666,308,32,65,666,666,0,0,0,0,0,124,0,0,0,0,5,0,0,0,0,0,0,0,0,0,0,0,17,110,163,0,0,0,0,0,0,"82"
"8201050301",181,480,105,85,99,8,10,7.95580110497238,5,5,181,480,480,454,479,480,480,480,480,480,480,480,59,129,0,0,442,441,238,480,480,480,480,480,238,31,43,480,480,0,0,0,0,0,125,0,0,0,0,0,94,0,0,0,0,0,0,0,0,0,0,165,42,122,0,0,0,0,0,0,"82"
"8201050401",99,327,83,73,41,9,43,6.45454545454545,29,17,187,327,327,294,311,327,327,327,327,327,327,327,62,163,0,0,314,310,109,327,327,327,327,327,109,26,133,327,327,0,0,0,0,0,215,0,0,0,0,0,0,0,0,0,0,0,0,0,0,0,0,101,0,221,0,0,4,0,0,0,"82"
"8201060101",10,27,9,6,4,0,0,8.7,0,0,14,27,27,26,27,27,27,27,27,27,27,27,8,8,0,0,26,26,10,27,27,27,27,27,10,0,0,27,27,0,0,0,0,0,1,0,0,0,0,0,0,0,0,0,0,0,0,0,0,0,0,17,0,0,0,0,0,0,0,0,"82"
"8201060201",109,249,37,32,47,0,0,8.72477064220183,0,0,98,249,249,246,245,249,249,249,249,249,249,249,54,105,0,0,227,227,109,249,249,249,249,249,109,0,0,249,249,0,0,0,0,0,1,0,0,0,0,0,0,2,0,0,0,0,0,0,0,0,0,116,0,0,0,0,0,0,0,0,"82"
"8201060301",45,120,23,19,15,0,4,8.86666666666667,7,3,66,120,120,101,117,120,120,120,120,120,120,120,24,60,0,0,111,111,38,120,120,120,120,120,38,0,16,120,120,0,0,0,0,0,0,0,0,0,0,0,0,2,0,0,0,0,0,0,0,0,0,0,0,0,0,0,0,0,0,0,"82"
"8201070101",168,518,146,114,83,5,12,8.10714285714286,39,35,269,518,518,484,518,518,518,518,518,518,518,518,72,231,0,0,487,472,220,518,518,518,518,518,220,14,45,518,518,0,0,0,0,0,19,4,0,0,0,0,0,0,0,0,0,0,0,0,0,0,0,202,0,197,0,0,0,0,0,0,"82"
"8201070201",118,300,52,37,48,6,15,7.92372881355932,0,0,110,300,300,296,300,300,300,300,300,300,300,300,40,95,0,0,277,277,110,300,300,300,300,300,110,15,39,300,300,0,0,0,0,0,114,6,0,0,0,0,0,0,0,0,0,0,0,0,0,0,0,258,2,72,0,0,0,0,0,0,"82"
"8201070301",98,303,77,67,40,2,1,8.46938775510204,23,23,189,303,303,295,303,303,303,303,303,303,303,303,63,154,0,0,289,289,101,303,303,303,303,303,108,11,6,303,303,0,0,0,0,0,207,0,0,0,0,0,0,0,0,0,0,0,0,0,0,0,0,172,9,43,0,0,0,0,0,0,"82"
"8201070401",156,415,107,81,91,5,0,8.60897435897436,11,0,168,415,415,398,414,414,414,414,414,414,412,412,83,122,0,0,393,390,236,415,410,412,412,412,238,22,0,412,413,0,0,0,0,0,201,0,0,0,0,0,0,0,0,0,0,0,0,0,3,2,0,221,78,132,0,2,0,0,0,1,"82"
"8201070501",56,150,22,17,25,0,2,8.16071428571429,0,0,69,150,150,140,150,150,150,150,150,150,150,150,22,52,3,0,137,137,55,150,150,150,150,150,55,0,4,150,150,0,0,0,0,0,130,0,0,0,0,0,0,0,0,0,0,0,0,0,9,5,0,57,0,18,0,0,0,0,0,0,"82"
"8201080101",142,395,120,111,59,9,17,7.90140845070423,0,0,153,395,395,376,395,395,395,395,395,395,395,395,56,153,0,0,382,378,150,395,395,395,395,395,150,28,52,395,395,0,0,0,0,0,274,0,0,0,0,11,0,0,0,0,0,0,0,0,0,0,0,395,0,9,0,0,0,0,0,0,"82"
"8201080201",265,730,111,98,133,8,35,8.0377358490566,0,0,238,730,730,716,729,730,730,730,730,730,730,730,57,245,0,0,685,678,325,730,730,730,730,730,328,29,118,730,730,0,0,0,0,0,75,0,0,0,0,0,0,0,0,0,0,0,0,0,0,0,0,730,0,0,0,0,0,0,0,4,"82"
"8201080301",150,482,114,108,80,7,89,8.19333333333333,8,0,296,482,482,443,474,482,482,482,482,482,482,482,94,268,5,0,434,431,187,482,482,482,482,482,187,16,220,482,482,0,0,0,0,0,238,4,8,0,0,402,0,61,0,0,0,0,0,0,66,61,0,337,0,328,0,0,0,0,0,0,"82"
"8201080401",299,1077,163,147,128,12,69,8.52508361204013,35,12,732,1077,1077,972,1077,1077,1077,1077,1077,1077,1077,1077,320,673,0,4,1012,1006,310,1077,1077,1077,1077,1077,310,42,235,1077,1077,0,0,0,0,12,3,0,0,0,0,753,0,1,0,0,0,0,0,0,0,4,0,1062,0,794,0,0,0,0,0,0,"82"
"8201090101",105,339,72,54,78,5,1,7.55238095238095,0,0,138,339,339,335,320,339,339,339,339,339,339,339,39,140,0,7,323,319,206,339,339,339,339,339,206,19,2,339,339,0,0,0,0,0,2,0,0,0,0,0,0,0,0,0,0,0,0,0,59,53,0,28,1,2,9,0,0,0,6,0,"82"
"8201090201",213,636,142,100,135,4,0,8.90140845070423,0,0,187,636,636,615,636,636,636,636,636,636,636,636,14,230,0,0,597,592,329,636,636,636,636,636,329,20,0,636,636,0,0,0,0,0,0,0,0,0,0,0,0,0,0,0,0,0,0,0,11,36,0,7,0,0,0,0,0,0,0,0,"82"
"8201090301",105,321,92,74,57,7,74,7.53333333333333,7,7,153,321,321,310,319,321,321,321,321,321,321,321,59,123,4,0,289,289,114,321,321,321,321,321,119,18,161,321,321,0,0,0,0,0,5,2,0,0,0,316,0,0,0,0,0,0,0,0,3,41,0,0,170,174,0,0,0,0,0,0,"82"
"8201090401",117,347,50,40,64,6,3,7.32478632478632,0,0,193,347,347,335,344,347,347,347,347,347,347,347,51,177,0,0,314,307,134,347,347,347,347,347,135,21,5,347,347,0,0,0,0,0,207,0,6,0,0,1,0,0,0,0,0,0,0,0,4,6,0,42,121,139,4,0,0,0,0,0,"82"
"8201090501",133,386,68,49,73,7,59,6.10526315789474,8,8,168,386,386,376,386,386,386,386,386,386,386,386,35,146,0,0,351,348,134,386,386,386,386,386,136,20,151,386,386,0,0,0,0,0,356,0,0,0,0,0,0,0,0,0,0,0,0,0,5,2,0,6,58,207,0,0,0,0,0,0,"82"
"8201510101",57,101,17,16,40,2,18,8.26315789473684,0,0,13,101,101,101,98,101,101,101,101,101,101,101,4,13,0,0,76,70,64,101,101,101,101,101,64,6,31,101,101,0,0,0,0,0,17,16,0,0,0,12,4,4,0,0,0,0,0,3,12,25,14,52,3,8,2,0,0,0,5,1,"82"
"8201510201",68,222,58,53,54,14,14,8.10294117647059,7,7,99,222,222,216,222,222,222,222,222,222,222,222,52,81,0,0,209,205,137,222,222,222,222,222,140,54,50,222,222,0,0,0,33,8,65,66,11,0,0,62,24,61,0,0,0,0,0,8,43,86,40,141,38,62,34,0,0,0,14,45,"82"
"8201510301",29,61,14,14,33,3,11,8.27586206896552,0,0,15,61,61,61,61,61,61,61,61,61,61,61,6,9,0,3,38,38,56,61,61,61,61,61,56,6,20,61,61,0,0,0,0,0,1,1,3,0,0,0,0,7,5,0,0,0,0,0,2,14,16,57,6,8,0,0,0,0,0,0,"82"
"8201510401",122,351,53,36,89,6,77,8.75409836065574,14,8,115,351,351,333,351,351,351,351,351,351,351,351,55,104,5,11,299,299,171,351,351,351,351,351,171,13,158,351,351,0,0,0,0,4,0,0,0,0,0,6,0,8,0,0,0,0,0,0,17,1,11,59,5,35,3,0,0,0,3,0,"82"
"8201510501",91,177,28,20,49,4,25,8.49450549450549,4,0,47,177,177,169,177,177,177,177,177,177,177,177,29,31,0,0,137,130,77,177,177,177,177,177,77,10,42,177,177,0,0,0,0,0,0,5,0,0,0,0,0,0,0,0,0,0,0,0,6,50,8,36,22,19,0,0,0,0,0,0,"82"
"8201510601",142,344,51,46,84,5,29,8.14788732394366,6,2,102,344,344,338,344,344,344,344,344,344,344,344,9,106,0,0,306,300,169,344,344,344,344,344,169,12,65,344,344,0,0,0,0,3,67,23,4,0,0,25,5,13,1,0,0,0,0,4,38,89,18,71,47,33,0,0,0,0,6,3,"82"
"8201510701",32,97,10,10,26,4,4,8.25,0,0,31,97,97,94,97,97,97,97,97,97,97,97,7,27,0,0,90,87,45,97,97,97,97,97,45,17,12,97,97,0,0,0,0,0,5,12,0,0,0,0,0,0,0,0,0,0,0,0,20,9,0,14,9,2,0,0,0,0,0,0,"82"
"8201510801",170,447,84,72,103,9,53,7.58823529411765,5,5,151,447,447,440,447,447,447,447,447,447,447,447,60,150,0,0,390,378,224,447,447,447,447,447,226,27,114,447,447,0,0,0,2,0,249,14,0,0,0,0,2,0,0,0,0,0,0,3,56,129,7,74,52,29,2,0,0,0,152,0,"82"
"8201510901",205,516,55,42,112,5,38,8.52682926829268,15,8,199,516,516,506,516,516,516,516,516,516,516,516,72,163,14,5,459,453,226,516,514,516,516,516,226,14,85,516,516,0,0,0,10,20,63,47,4,1,1,83,25,43,2,3,0,0,0,0,91,18,6,200,89,122,20,0,0,0,16,44,"82"
"8201511001",116,310,73,66,94,8,42,8.38793103448276,0,0,95,310,310,303,308,310,310,310,310,310,310,310,32,69,0,0,265,254,176,310,310,310,310,310,176,24,83,310,310,0,0,0,0,0,0,5,0,0,0,13,0,4,0,0,0,0,0,2,39,99,27,70,8,76,5,0,0,0,0,0,"82"
"8201511101",107,209,28,22,43,4,28,8.67289719626168,4,4,49,209,209,201,209,209,209,209,209,209,209,209,11,53,0,0,194,194,85,209,209,209,209,209,85,19,56,209,209,0,0,0,0,0,11,1,0,0,0,34,4,4,0,0,0,0,0,3,11,62,20,90,40,25,0,0,0,0,4,0,"82"
"8201511201",93,224,50,43,51,9,28,8.51612903225806,3,0,72,224,224,206,224,224,224,224,224,224,224,224,27,51,0,0,202,200,115,224,224,224,224,224,115,26,67,224,224,0,0,0,7,7,20,10,0,0,0,3,0,3,0,4,0,0,0,4,25,48,35,124,41,69,3,0,0,0,0,2,"82"
"8202010101",81,181,25,18,32,5,4,8.62962962962963,0,0,43,181,181,164,176,181,181,181,181,181,181,181,9,50,0,0,171,171,77,181,181,181,181,181,77,17,21,181,181,0,0,0,0,0,0,0,0,0,0,0,0,0,0,0,0,0,0,0,0,0,0,19,0,22,0,0,0,0,0,0,"82"
"8202010201",135,353,105,62,78,7,25,8.68888888888889,12,7,162,353,353,337,352,353,353,353,353,353,353,353,40,156,0,0,321,313,181,353,353,353,353,353,186,25,86,353,353,0,0,0,0,0,0,0,0,0,0,0,0,0,0,0,0,0,0,0,0,0,0,67,0,132,0,0,4,0,0,0,"82"
"8202010301",174,531,185,111,149,16,57,9.61494252873563,0,0,241,531,531,527,529,531,531,531,531,531,531,531,50,227,0,0,485,481,334,531,531,531,531,531,334,58,158,531,531,0,0,0,0,0,0,0,0,0,0,0,0,0,0,0,0,0,0,0,0,0,0,0,0,161,0,0,0,0,0,0,"82"
"8202010401",112,390,74,52,56,6,0,7.24107142857143,29,29,185,390,390,362,390,390,390,390,390,390,390,390,58,173,3,0,372,369,150,390,390,390,390,390,150,17,0,390,390,0,0,0,0,0,0,0,0,0,0,0,0,0,0,0,0,0,0,0,0,0,0,66,0,213,0,0,0,0,0,0,"82"
"8202010501",244,547,118,83,99,0,0,8.9672131147541,0,0,120,547,547,507,546,547,547,547,547,547,547,547,11,136,0,0,492,492,198,547,547,547,547,547,198,0,0,547,547,0,0,0,0,0,0,0,0,0,0,0,0,0,0,0,0,0,0,0,0,0,0,0,0,254,0,0,0,0,0,0,"82"
"8202010601",146,594,137,99,91,0,0,7.9041095890411,0,0,308,594,594,587,594,594,594,594,594,594,594,594,99,302,0,0,581,571,314,594,594,594,594,594,314,0,0,594,594,0,0,0,0,0,0,0,0,0,0,0,0,0,0,0,0,0,0,0,0,1,0,7,0,96,0,0,0,0,0,0,"82"
"8202010701",118,330,92,75,56,15,46,9.24576271186441,0,0,162,330,330,306,327,330,330,330,330,330,330,330,44,142,0,0,304,304,118,330,330,330,330,330,124,31,119,330,330,0,0,0,0,0,0,0,0,0,0,0,0,0,0,0,0,0,0,0,0,0,0,0,0,211,0,0,0,0,0,0,"82"
"8202020101",118,436,139,95,79,4,0,9.5593220338983,0,0,199,436,436,429,436,436,436,436,436,436,436,436,35,205,0,0,422,422,218,436,434,436,436,436,218,7,0,436,436,0,0,0,0,0,0,0,0,0,0,0,0,0,0,0,0,0,0,0,0,0,0,17,0,46,0,0,0,0,0,0,"82"
"8202020201",267,957,196,163,138,6,13,9.61797752808989,0,0,519,957,957,901,952,957,957,957,957,957,957,957,137,477,0,0,938,934,426,957,957,957,957,957,433,32,41,957,957,0,0,0,0,0,0,0,0,0,0,0,0,0,0,0,5,0,0,0,0,0,3,216,0,96,0,0,0,0,0,0,"82"
"8202020301",73,249,59,44,39,1,2,9.43835616438356,0,0,147,249,249,231,249,249,249,249,249,249,249,249,53,145,0,0,238,238,100,249,249,249,249,249,100,4,9,249,249,0,0,0,0,0,0,0,0,0,0,0,0,0,0,0,0,0,0,0,0,0,0,0,0,0,0,0,0,0,0,0,"82"
"8202020401",128,505,56,46,50,3,2,8.5234375,27,27,332,505,505,474,410,505,505,505,505,505,505,505,85,323,0,0,492,490,192,505,505,505,505,505,192,18,9,505,505,0,0,0,0,0,0,0,0,0,0,0,0,0,0,0,0,0,0,0,0,25,0,10,0,211,0,0,0,0,0,0,"82"
"8202030101",162,648,129,101,94,11,10,7.45061728395062,9,4,347,648,648,626,605,648,648,648,648,648,648,648,98,288,39,0,625,620,268,648,648,648,648,648,272,37,26,648,648,0,0,0,0,0,0,0,0,0,0,0,0,0,0,0,4,0,0,0,0,0,0,261,0,324,0,0,0,0,0,0,"82"
"8202030201",284,1050,202,140,126,3,8,7.23239436619718,37,17,607,1050,1050,995,999,1050,1050,1050,1050,1050,1050,1050,226,549,15,0,1033,1033,418,1050,1048,1050,1050,1050,418,19,31,1050,1050,0,0,0,0,53,0,0,0,0,0,0,0,0,0,0,0,0,0,0,0,0,0,61,0,292,0,0,0,0,0,0,"82"
"8202030301",345,1052,230,175,166,13,34,7.3536231884058,0,0,465,1052,1052,1011,1008,1052,1052,1052,1052,1052,1052,1052,144,412,10,0,1010,1000,390,1052,1052,1052,1052,1052,390,39,83,1052,1052,0,0,0,0,27,0,0,0,0,0,0,0,9,0,0,0,0,0,3,0,0,0,18,0,287,0,0,0,0,0,0,"82"
"8202030401",191,614,117,89,62,6,13,7.75916230366492,0,0,334,614,614,584,568,614,614,614,614,614,614,614,111,287,3,0,601,601,190,614,608,614,614,614,190,15,32,614,614,0,0,0,0,50,0,0,0,0,0,0,0,0,0,0,0,0,0,0,0,0,0,1,1,120,0,0,0,0,0,0,"82"
"8202030501",90,313,59,49,35,3,9,7.93333333333333,12,8,187,313,313,286,263,313,313,313,313,313,313,313,70,213,8,0,301,301,91,313,313,313,313,313,91,15,26,313,313,0,0,0,0,46,0,0,0,0,0,0,0,0,0,0,0,0,0,0,0,0,0,0,0,199,0,0,0,0,0,0,"82"
"8202030601",164,476,94,75,71,4,7,7.44512195121951,0,0,206,476,476,457,448,476,476,476,476,476,476,476,61,199,8,0,452,449,174,476,476,476,476,476,174,22,21,476,476,0,0,0,0,25,0,0,0,0,0,0,0,0,0,0,5,0,0,0,0,0,0,5,0,123,0,0,0,0,0,0,"82"
"8202030701",67,245,43,31,26,1,9,7.80597014925373,0,0,99,245,245,243,222,245,245,245,245,245,245,245,40,102,6,0,243,243,83,245,245,245,245,245,83,3,40,245,245,0,0,0,0,9,0,0,0,0,0,0,0,0,0,0,0,0,0,0,0,5,0,0,0,104,0,0,0,0,0,0,"82"
"8202510101",117,419,79,61,58,7,0,8.1025641025641,0,0,187,419,419,403,419,419,419,419,419,419,419,419,45,165,4,21,407,405,201,419,419,419,419,419,201,41,0,419,419,0,0,0,0,0,0,0,0,0,0,0,0,0,0,0,12,0,0,0,0,0,0,9,0,212,0,0,0,0,0,0,"82"
"8202510201",73,282,59,50,44,3,0,8.75342465753425,10,10,155,282,282,273,282,282,282,282,282,282,282,282,56,117,0,11,272,272,148,282,282,282,282,282,154,13,0,282,282,0,0,0,0,0,0,0,0,0,0,0,0,0,0,0,0,0,0,0,0,0,0,10,0,111,0,0,0,0,0,0,"82"
"8203010101",117,242,108,80,88,5,34,8.86324786324786,0,0,53,242,242,242,242,242,242,242,242,242,242,242,5,49,0,0,181,181,146,242,242,242,242,242,146,13,63,242,242,0,0,0,1,0,149,0,0,0,0,7,0,19,0,0,0,0,0,0,27,14,0,125,52,80,7,0,0,0,0,0,"82"
"8203010201",174,463,127,108,155,6,66,8.18965517241379,0,0,99,463,463,462,463,463,463,463,463,463,463,463,54,119,0,0,390,390,316,463,463,463,463,463,316,21,149,463,463,0,0,0,0,0,424,2,0,0,0,0,0,0,0,0,0,0,0,0,10,11,0,319,11,120,0,0,0,0,0,0,"82"
"8203010301",84,202,27,22,73,3,4,8.23809523809524,0,0,41,202,202,202,202,202,202,202,202,202,202,202,9,44,0,0,165,163,122,202,202,202,202,202,122,6,12,202,202,0,0,0,0,0,163,0,0,0,0,0,0,0,0,0,0,0,0,0,0,6,0,8,33,17,3,0,0,0,0,0,"82"
"8203010401",60,185,33,30,36,3,16,8.23333333333333,0,0,64,185,185,181,185,185,185,185,185,185,185,185,23,55,0,0,178,175,90,185,185,185,185,185,90,10,49,185,185,0,0,0,0,0,158,0,0,0,0,0,0,3,0,0,0,0,0,0,0,0,0,38,11,20,0,0,0,0,0,0,"82"
"8203020101",157,404,109,95,117,4,2,9.26751592356688,0,0,125,404,404,402,402,404,404,404,404,404,404,404,39,115,0,0,347,337,230,404,403,404,404,404,230,11,5,404,404,0,0,0,0,0,16,0,0,0,0,0,0,0,0,0,0,0,0,0,61,73,0,347,176,177,238,0,0,0,0,0,"82"
"8203020201",149,438,126,111,100,9,8,9.05369127516779,0,0,133,438,438,426,438,438,438,438,438,438,438,438,35,165,5,3,396,388,213,438,438,438,438,438,213,35,22,438,438,0,0,0,1,10,182,13,1,0,0,43,0,41,0,0,0,0,0,0,23,12,0,210,45,109,11,0,0,0,4,11,"82"
"8203020301",156,514,75,64,89,13,44,9.47435897435897,21,21,296,514,514,499,512,514,514,514,514,514,514,514,124,241,15,14,492,492,238,514,511,514,514,514,247,45,134,514,514,0,0,0,0,0,192,3,0,0,0,7,5,13,0,0,0,0,0,0,41,67,0,145,118,208,37,0,0,0,0,0,"82"
"8203020401",139,426,90,67,96,8,21,9.69064748201439,21,21,222,426,426,409,426,426,426,426,426,426,426,426,101,197,0,12,391,391,234,426,426,426,426,426,234,28,65,426,426,0,0,0,0,0,103,0,0,0,0,0,0,11,0,0,0,0,0,0,19,8,0,238,29,119,11,0,0,0,0,0,"82"
"8203030101",206,700,127,111,123,7,4,9.55825242718447,21,4,289,700,700,691,691,700,700,700,700,700,700,700,94,258,8,0,671,660,354,700,694,700,700,700,354,40,14,700,700,0,0,0,0,10,48,6,0,0,0,24,0,19,0,0,0,0,0,0,33,36,0,116,79,108,6,0,0,0,0,0,"82"
"8203030201",243,679,172,154,109,9,29,9.13168724279835,33,29,251,679,679,652,678,679,679,679,679,679,679,679,81,200,0,3,645,638,247,679,679,679,679,679,253,23,77,679,679,0,5,0,6,50,120,17,18,0,0,51,3,26,0,0,0,0,0,0,143,43,0,299,98,257,97,0,0,0,0,3,"82"
"8203030301",78,171,36,30,53,1,2,9.30769230769231,0,0,41,171,171,169,171,171,171,171,171,171,171,171,9,54,2,0,146,144,90,171,171,171,171,171,90,1,5,171,171,0,0,0,0,0,55,3,0,0,0,0,0,0,0,0,0,0,0,0,6,9,0,19,12,29,2,0,0,0,0,0,"82"
"8203030401",110,306,55,47,74,4,25,9.15454545454545,13,13,107,306,306,294,306,306,306,306,306,306,306,306,36,79,9,0,274,262,145,306,303,306,306,306,147,11,51,306,306,0,0,0,0,2,130,0,0,0,0,3,0,0,0,0,0,0,0,0,10,10,0,10,12,41,0,0,0,0,0,0,"82"
"8203040101",39,119,37,33,26,2,6,8.76923076923077,0,0,66,119,119,118,119,119,119,119,119,119,119,119,40,59,8,0,110,103,63,119,119,119,119,119,63,5,17,119,119,0,0,0,19,0,71,3,2,0,0,15,0,16,0,0,0,0,0,0,0,5,0,44,14,37,38,0,0,0,0,0,"82"
"8203040201",106,293,87,66,75,16,22,9.41509433962264,9,9,117,293,293,293,293,293,293,293,293,293,293,293,40,112,3,0,257,251,147,293,293,293,293,293,147,60,64,293,293,0,0,0,0,11,192,9,13,0,0,11,0,21,0,0,0,0,0,0,54,37,0,44,86,165,38,0,0,0,0,0,"82"
"8203040301",127,365,71,54,80,12,11,8.44881889763779,25,16,137,365,365,364,365,365,365,365,365,365,365,365,50,119,6,0,332,326,169,365,358,365,365,365,175,35,33,365,365,0,0,0,0,0,245,0,0,0,0,0,0,0,4,0,0,0,0,0,23,19,0,30,41,88,2,0,0,0,0,0,"82"
"8203040401",141,372,134,124,98,7,6,9.0354609929078,0,0,158,372,372,359,368,372,372,372,372,372,372,372,50,139,0,0,320,317,186,372,367,372,372,372,189,20,11,372,372,0,0,0,0,5,158,0,0,0,0,10,0,0,0,0,0,0,0,0,24,10,0,61,1,190,8,0,0,0,0,0,"82"
"8203040501",81,239,60,46,52,4,6,8.81481481481481,4,4,113,239,239,235,237,239,239,239,239,239,239,239,61,89,0,0,220,220,114,239,239,239,239,239,114,11,10,239,239,0,0,0,0,0,229,0,4,0,0,0,0,0,0,0,0,0,0,0,0,6,0,18,29,43,0,0,0,0,3,3,"82"
"8203040601",124,369,72,59,58,10,17,8.7741935483871,3,0,220,369,369,360,369,369,369,369,369,369,369,369,76,194,6,0,332,330,103,369,308,369,369,369,103,33,38,369,369,0,0,0,0,0,304,2,0,0,0,0,0,0,0,0,7,0,0,0,59,32,0,160,45,205,0,0,0,0,0,0,"82"
"8203050101",185,553,74,71,82,3,1,9.52432432432432,9,9,254,553,553,526,553,553,553,553,553,553,553,553,74,235,0,0,529,526,190,553,553,553,553,553,190,19,7,553,553,0,0,0,0,0,33,0,0,0,0,4,0,5,0,0,0,0,0,0,23,5,0,491,79,189,17,0,0,0,0,0,"82"
"8203050201",129,435,71,64,63,5,11,9.4031007751938,9,9,230,435,435,413,435,435,435,435,435,435,435,435,80,217,4,0,422,422,148,435,435,435,435,435,148,16,36,435,435,0,0,0,3,9,346,6,6,0,0,21,0,37,0,0,0,0,0,0,53,21,0,128,100,223,36,0,0,0,0,3,"82"
"8203050301",144,510,82,79,63,3,2,9.47222222222222,9,9,243,510,510,491,510,510,510,510,510,510,510,510,90,208,17,0,498,495,199,510,510,510,510,510,199,15,6,510,510,0,9,0,0,10,197,0,0,0,0,0,0,0,0,0,0,0,0,0,7,29,0,374,194,224,145,0,0,0,0,0,"82"
"8203050401",143,485,90,81,69,4,10,9.41958041958042,27,27,245,485,485,461,485,485,485,485,485,485,485,485,84,191,11,0,468,466,181,485,485,485,485,485,181,25,23,485,485,0,0,0,0,5,116,4,0,0,0,5,47,0,0,0,0,0,0,0,36,26,0,106,103,149,92,0,0,0,0,0,"82"
"8203510101",94,181,37,31,56,0,1,9.69148936170213,0,0,16,181,181,172,181,181,181,181,181,181,181,181,8,12,5,0,157,150,100,181,179,181,181,181,100,0,2,181,181,0,0,0,0,0,0,0,0,0,0,0,0,0,0,0,0,0,0,0,15,8,0,80,2,2,0,0,0,0,0,0,"82"
"8203510201",212,510,117,85,176,9,16,8.68867924528302,0,0,130,510,510,498,510,510,510,510,510,510,510,510,46,136,0,0,420,413,353,510,483,510,510,510,354,26,34,510,510,0,0,0,0,0,322,1,0,0,0,0,0,2,4,0,0,0,0,0,12,22,0,319,54,77,5,0,0,0,0,0,"82"
"8204010101",104,281,69,55,71,10,6,8.64423076923077,0,0,86,281,281,279,281,281,281,281,281,281,281,281,23,88,0,0,254,254,154,281,281,281,281,281,156,36,13,281,281,0,0,0,0,0,263,0,0,0,0,0,0,0,0,0,0,0,0,0,24,18,0,5,107,99,0,0,0,0,0,0,"82"
"8204010201",99,312,66,52,63,8,5,7.98989898989899,8,8,104,312,312,303,312,312,312,312,312,312,312,312,69,99,0,0,295,295,143,312,312,312,312,312,151,26,18,312,312,0,0,0,0,0,115,0,0,0,0,17,0,0,4,0,0,0,0,0,16,12,0,149,98,99,0,0,0,0,0,0,"82"
"8204010301",46,128,29,24,36,3,6,8.08695652173913,0,0,43,128,128,127,128,128,128,128,128,128,128,128,29,30,5,0,116,116,68,128,128,128,128,128,68,14,14,128,128,0,0,0,0,0,124,0,0,0,0,0,0,0,0,0,0,0,0,0,11,26,0,0,27,49,0,0,0,0,0,0,"82"
"8204010401",85,217,76,58,56,6,11,8.42352941176471,0,0,71,217,217,201,217,217,217,217,217,217,217,217,37,60,0,0,187,187,107,217,217,217,217,217,107,12,20,217,217,0,0,0,0,0,170,0,0,0,0,2,0,0,0,0,0,0,0,0,9,12,0,6,10,17,0,0,0,0,0,0,"82"
"8204010501",55,134,35,28,49,3,2,8,0,0,40,134,134,132,130,134,134,134,134,134,134,134,15,33,0,0,102,102,91,134,134,134,134,134,91,12,3,134,134,0,0,0,0,0,13,0,0,0,0,0,0,0,0,0,0,0,0,0,5,0,0,41,45,31,0,0,0,0,0,0,"82"
"8204010601",61,215,49,36,48,3,1,7.9672131147541,4,0,112,215,215,215,215,215,215,215,215,215,215,215,21,113,0,0,207,204,144,215,215,215,215,215,144,7,3,215,215,0,0,0,0,0,201,0,0,0,0,0,0,0,0,0,0,0,0,0,26,21,0,0,87,86,0,0,0,0,0,0,"82"
"8204010701",108,343,70,56,90,8,9,7.96296296296296,4,4,125,343,343,343,343,343,343,343,343,343,343,343,73,122,4,0,309,309,217,343,343,343,343,343,217,27,32,343,343,0,0,0,0,0,332,0,0,0,0,0,0,0,0,0,0,0,0,0,24,88,0,6,158,112,0,0,0,0,0,0,"82"
"8204010801",181,550,143,106,147,11,22,7.59668508287293,0,0,239,550,550,527,550,550,550,550,550,550,550,550,85,225,0,0,480,472,289,550,550,550,550,550,289,35,63,550,550,0,0,0,0,0,271,0,0,0,0,3,0,0,0,0,0,0,0,0,0,0,0,248,58,167,0,0,0,0,0,0,"82"
"8204010901",94,279,52,41,77,10,33,7.68085106382979,4,4,100,279,279,268,279,279,279,279,279,279,279,279,22,98,8,0,253,245,173,279,279,279,279,279,173,37,97,279,279,0,0,0,0,0,251,0,0,0,0,0,0,0,0,0,0,0,0,0,15,50,0,2,60,122,0,0,0,0,0,0,"82"
"8204020101",80,180,40,38,41,4,4,8.125,3,0,68,180,180,167,180,180,180,180,180,180,180,180,15,62,0,0,157,157,89,180,180,180,180,180,89,11,11,180,180,0,0,0,0,0,20,0,0,0,0,0,0,0,0,0,0,0,0,0,0,0,0,175,14,27,0,0,0,0,0,0,"82"
"8204020201",144,417,85,68,77,11,75,7.22916666666667,0,0,203,417,417,398,409,417,417,417,417,417,417,417,94,150,0,0,390,390,185,417,417,417,417,417,185,40,189,417,417,0,0,0,0,0,287,0,0,0,0,0,0,0,0,0,0,0,0,0,0,0,0,232,151,191,0,0,0,0,0,0,"82"
"8204020401",99,266,47,37,79,6,5,8.57575757575758,0,0,57,266,266,262,266,266,266,266,266,266,266,266,3,50,0,0,240,238,178,266,266,266,266,266,178,21,15,266,266,0,0,0,0,0,29,0,0,0,0,0,0,0,0,0,0,0,0,0,0,0,0,53,141,133,0,0,0,0,0,0,"82"
"8204020501",237,801,176,157,139,25,36,8.05907172995781,0,0,302,801,801,768,801,801,801,801,801,801,801,801,53,334,0,0,770,766,384,801,801,801,801,801,388,103,121,801,801,0,0,0,0,0,519,0,0,0,0,0,0,0,0,0,0,0,0,0,0,0,0,729,71,160,0,0,0,0,0,0,"82"
"8204020601",151,416,74,61,91,9,21,8.60264900662252,0,0,147,416,416,395,416,416,416,416,416,416,416,416,47,130,0,0,372,372,172,416,416,416,416,416,175,20,48,416,416,0,0,0,0,0,385,0,0,0,0,9,0,0,0,0,0,0,0,0,4,4,0,16,105,142,0,0,0,0,0,0,"82"
"8204020701",66,275,65,54,50,6,1,7.96969696969697,10,10,136,275,275,271,265,275,275,275,275,275,275,275,58,103,5,0,267,267,156,275,275,275,275,275,156,37,3,275,275,0,0,0,0,0,145,0,0,0,0,89,0,0,0,0,0,0,0,0,13,0,0,0,89,79,0,0,0,0,0,0,"82"
"8204020801",130,225,60,50,55,5,1,8.06153846153846,2,0,37,225,225,208,225,225,225,225,225,225,225,225,12,40,0,0,176,176,84,225,225,225,225,225,84,15,5,225,225,0,0,0,0,0,56,0,0,0,0,0,0,0,0,0,0,0,0,0,5,8,0,131,44,49,0,0,0,0,0,0,"82"
"8204030101",64,146,51,36,50,5,24,9,4,4,48,146,146,140,146,146,146,146,146,146,146,146,27,41,0,0,112,106,77,146,146,146,146,146,77,13,39,146,146,0,0,0,0,0,115,0,0,0,0,0,0,0,0,0,0,0,0,0,0,1,0,64,5,28,0,0,0,0,0,0,"82"
"8204030201",151,414,118,99,123,8,3,7.40397350993377,0,0,166,414,414,395,414,414,414,414,414,414,414,414,63,160,0,0,356,342,261,414,414,414,414,414,264,29,11,414,414,0,0,0,0,0,127,0,0,0,0,0,0,0,0,0,0,0,0,0,0,4,0,214,113,112,0,0,0,0,0,0,"82"
"8204030301",81,194,43,35,59,3,11,9.25925925925926,3,3,73,194,194,187,194,194,194,194,194,194,194,194,24,64,7,0,166,163,117,194,194,194,194,194,120,7,24,194,194,0,0,0,0,0,64,0,0,0,0,0,0,0,0,0,0,0,0,0,0,0,0,86,12,14,0,0,0,0,0,0,"82"
"8204030401",73,189,49,38,59,5,29,8.32876712328767,7,3,89,189,189,185,189,189,189,189,189,189,189,189,21,58,0,0,154,152,115,189,189,189,189,189,115,18,66,189,189,0,0,0,0,0,66,0,0,0,0,0,0,0,0,0,0,0,0,0,0,0,0,188,4,5,0,0,0,0,0,0,"82"
"8204030501",81,196,60,40,69,7,45,8.20987654320988,0,0,68,196,196,183,196,196,196,196,196,196,196,196,24,37,0,0,168,166,128,196,196,196,196,196,128,21,97,196,196,0,0,0,0,0,138,0,0,0,0,0,0,0,0,0,0,0,0,0,0,0,0,52,10,51,0,0,0,0,0,0,"82"
"8204030601",116,323,81,67,87,8,5,8.47413793103448,23,9,129,323,323,319,323,323,323,323,323,323,323,323,41,91,0,0,273,271,177,323,323,323,323,323,177,27,16,323,323,0,0,0,0,0,270,0,0,0,0,0,0,0,0,0,0,0,0,0,0,0,0,122,39,99,0,0,0,0,0,0,"82"
"8204030701",148,326,81,57,107,2,0,7.72297297297297,0,0,23,326,326,321,326,326,326,326,326,326,326,326,0,27,0,0,274,274,186,326,326,326,326,326,186,7,0,326,326,0,0,0,0,0,68,0,0,0,0,0,0,0,0,0,0,0,0,0,0,0,0,280,125,69,0,0,0,0,0,0,"82"
"8204030801",76,311,93,89,28,1,0,8.13157894736842,0,0,231,311,311,273,298,311,311,311,311,311,311,311,97,186,0,0,306,306,101,311,311,311,311,311,101,9,0,311,311,0,0,0,0,0,105,0,0,0,0,0,0,0,0,0,0,0,0,0,0,0,0,266,0,138,0,0,0,0,0,0,"82"
"8204030901",146,414,130,119,60,3,3,8.04109589041096,7,7,244,414,414,366,414,414,414,414,414,414,414,414,88,197,0,0,364,357,101,414,414,414,414,414,101,9,11,414,414,0,0,0,0,0,314,0,0,0,0,0,0,0,0,0,0,0,0,0,0,0,0,99,0,228,0,0,0,0,0,0,"82"
"8204031001",129,413,68,50,52,4,1,7.70542635658915,14,4,282,413,413,392,413,413,413,413,413,413,413,413,109,237,0,0,394,391,133,413,413,413,413,413,133,11,2,413,413,0,0,0,0,0,247,0,0,0,0,0,0,0,0,0,0,0,0,0,0,0,0,130,0,209,0,0,0,0,0,0,"82"
"8204031101",64,247,26,24,16,1,0,8.0625,3,3,159,247,247,200,247,247,247,247,247,247,247,247,69,148,0,4,246,243,49,247,247,247,247,247,49,2,0,247,247,0,0,0,0,0,53,0,0,0,0,0,0,0,0,0,0,0,0,0,0,0,0,79,0,52,0,0,0,0,0,0,"82"
"8204031201",101,288,74,63,52,7,4,8.15841584158416,4,0,119,288,288,277,288,288,288,288,288,288,288,288,46,113,0,0,265,263,125,288,288,288,288,288,125,22,9,288,288,0,0,0,0,0,229,0,0,0,0,0,0,0,0,0,0,0,0,0,0,0,0,32,43,106,0,0,0,0,0,0,"82"
"8204040101",48,130,36,31,29,7,24,8.77083333333333,4,4,46,130,130,118,130,130,130,130,130,130,130,130,5,37,0,0,120,111,51,130,130,130,130,130,51,20,50,128,128,0,0,0,0,0,118,0,0,0,0,0,0,0,0,0,0,0,0,0,0,0,0,22,13,27,0,0,0,2,0,0,"82"
"8204040201",268,596,119,89,184,5,25,8.40671641791045,0,0,142,596,596,579,596,596,596,596,596,596,596,596,47,128,4,0,493,480,322,596,596,596,596,596,323,12,54,596,596,0,0,0,0,0,579,0,0,0,0,4,0,0,0,0,0,0,0,0,0,0,0,148,227,299,0,0,0,0,0,0,"82"
"8204040301",108,401,70,54,68,10,13,7.62962962962963,13,0,224,401,401,394,401,401,401,401,401,401,401,401,91,198,0,0,383,376,185,401,401,401,401,401,199,39,50,401,401,0,0,0,0,0,394,0,0,0,0,7,0,0,0,0,0,0,0,0,0,0,6,203,60,164,0,0,0,0,0,0,"82"
"8204040401",82,265,58,54,39,4,11,7.9390243902439,0,0,130,265,265,258,262,265,265,265,265,265,265,265,25,137,0,0,259,259,88,265,265,265,265,265,88,11,32,265,265,0,0,0,0,0,258,0,0,0,0,5,0,0,0,0,5,0,0,0,4,0,14,37,0,52,0,0,0,0,0,0,"82"
"8204040501",98,283,60,44,65,4,28,8.19387755102041,0,0,110,283,283,283,283,283,283,283,283,283,283,283,30,92,0,0,247,247,156,283,283,283,283,283,156,15,75,283,283,0,0,0,0,0,283,0,0,0,0,0,0,0,0,0,0,0,0,0,0,1,0,165,95,68,0,0,0,0,0,0,"82"
"8204040601",21,81,12,9,8,1,8,8.19047619047619,0,0,68,81,81,80,81,81,81,81,81,81,81,81,29,54,0,0,75,75,21,81,81,81,81,81,21,3,28,81,81,0,0,0,0,0,80,0,0,0,0,0,0,0,0,0,0,0,0,0,0,0,0,32,24,39,0,0,0,0,0,0,"82"
"8204040701",156,470,109,90,91,7,12,8.05769230769231,7,7,208,470,470,451,470,470,470,470,470,470,470,470,53,195,0,0,435,429,226,470,470,470,470,470,226,27,37,470,470,0,0,0,0,0,451,0,0,0,0,0,0,0,0,0,0,0,0,0,0,0,0,104,112,243,0,0,0,0,0,0,"82"
"8204050101",113,331,77,55,101,8,77,7.43362831858407,0,0,118,331,331,326,319,331,331,331,331,331,331,331,31,110,5,0,290,288,222,331,331,331,331,331,227,39,185,331,331,0,0,5,4,0,269,0,1,0,0,9,4,6,0,5,0,0,0,0,27,80,0,32,189,164,0,0,0,0,1,1,"82"
"8204050201",136,456,102,88,91,5,32,7.68382352941176,8,8,207,456,456,451,441,456,456,456,456,456,456,456,75,172,0,0,429,427,250,456,456,456,456,456,250,22,108,456,456,0,0,0,0,8,252,0,0,0,0,78,7,31,0,0,0,0,0,0,41,47,0,36,255,207,0,0,0,0,6,0,"82"
"8204050301",137,512,105,83,66,7,16,9.32116788321168,0,0,316,512,512,495,474,512,512,512,512,512,512,512,71,281,0,0,498,490,182,512,512,512,512,512,182,37,44,512,512,0,0,0,14,56,193,0,4,0,0,97,64,71,7,0,0,0,0,0,76,45,0,48,5,294,0,0,4,0,0,0,"82"
"8204050401",141,534,121,92,74,3,43,7.95035460992908,18,7,311,534,534,505,506,534,534,534,534,534,534,534,144,273,0,6,508,508,200,534,534,534,534,534,207,20,151,534,534,0,0,0,0,2,149,7,3,0,0,362,9,203,0,0,0,0,0,0,84,49,0,233,26,304,0,0,0,0,3,6,"82"
"8204050501",100,276,73,55,39,2,27,7.51,0,0,114,276,276,266,276,276,276,276,276,276,276,276,22,103,0,0,261,258,89,276,276,276,276,276,89,5,66,276,275,0,0,0,0,0,84,0,0,0,0,192,0,4,0,0,0,0,0,2,5,7,0,103,60,42,0,0,0,0,0,0,"82"
"8204050601",152,539,127,95,70,2,35,8.875,0,0,331,539,539,507,527,539,539,539,539,539,539,539,126,293,0,0,506,499,181,539,539,539,539,539,181,6,106,539,539,0,0,0,0,0,58,0,0,0,0,196,2,35,0,0,0,0,0,0,72,43,0,228,6,249,21,0,0,0,0,1,"82"
"8204050701",145,556,106,94,63,9,16,7.31034482758621,10,10,314,556,556,533,520,556,556,556,556,556,556,556,140,298,0,15,545,543,161,556,556,556,556,556,164,24,57,556,556,0,0,0,0,0,0,0,0,0,0,556,4,7,0,0,0,0,0,0,25,7,0,231,2,313,0,0,0,0,0,0,"82"
"8204050801",105,403,80,64,53,2,15,7.99047619047619,0,0,212,403,403,403,359,403,403,403,403,403,403,403,58,199,0,0,396,392,170,403,403,403,403,403,170,9,60,403,403,0,0,0,10,45,27,0,0,0,0,140,44,24,3,0,0,0,0,0,91,31,0,319,1,120,0,0,0,0,0,0,"82"
"8204050901",97,346,79,59,46,3,46,9.78350515463918,36,30,189,346,346,314,339,346,346,346,346,346,346,346,62,180,5,12,337,328,135,346,346,346,346,346,135,6,145,346,346,0,0,0,0,0,3,0,0,0,0,7,300,0,0,7,0,0,0,0,12,6,0,3,0,168,0,0,0,0,0,0,"82"
"8204051001",128,343,79,63,89,12,77,7.8359375,0,0,116,343,343,319,324,343,343,343,343,343,343,343,26,114,0,0,308,302,173,343,343,343,343,343,176,39,168,343,337,0,0,0,0,0,273,0,0,0,0,45,2,0,0,0,0,0,0,0,11,5,0,17,91,107,0,0,0,0,0,1,"82"
"8204060101",22,42,1,1,2,0,0,8.5,0,0,11,42,42,32,42,42,42,42,42,42,42,42,6,8,0,0,41,41,6,42,42,42,42,42,6,0,0,42,42,0,0,0,0,0,0,0,0,0,0,0,0,0,0,0,0,0,0,0,0,1,0,0,37,26,0,0,0,0,0,0,"82"
"8204060102",255,665,136,111,176,8,14,7.65490196078431,0,0,211,665,665,648,635,665,665,665,665,665,665,665,77,189,0,6,591,582,430,665,665,665,665,665,430,44,40,665,665,0,0,5,0,13,57,37,0,0,0,78,17,13,0,0,5,0,0,0,31,136,0,52,182,192,0,0,0,0,72,0,"82"
"8204060201",229,569,102,78,195,7,2,8.37991266375546,7,7,99,569,569,556,543,569,569,569,569,569,569,569,45,96,4,1,477,465,385,569,569,569,566,566,390,23,3,566,566,0,0,0,5,11,22,59,0,0,0,123,0,20,0,0,0,0,0,0,0,14,0,112,33,44,0,3,0,0,12,0,"82"
"8204060301",238,580,145,112,170,19,10,8.05882352941176,13,13,133,578,578,571,571,580,580,580,580,580,580,580,18,133,0,5,508,505,330,580,580,580,580,580,334,61,27,580,580,0,0,0,0,0,43,0,0,0,0,0,0,0,0,0,0,0,0,0,0,40,0,565,118,137,0,0,0,0,7,0,"82"
"8204060401",153,541,133,105,112,10,4,8.40522875816993,5,5,205,531,531,539,522,541,541,541,541,541,541,541,62,171,9,0,524,522,339,541,541,541,541,541,345,42,11,541,541,0,0,0,0,0,30,0,0,0,0,2,0,0,0,0,0,0,0,0,8,30,0,68,82,79,2,0,0,0,1,0,"82"
"8204060501",154,579,141,119,100,9,58,9.4025974025974,44,44,320,579,579,565,564,579,579,579,579,579,579,579,83,260,0,0,547,544,271,579,579,579,579,579,271,38,191,579,579,0,0,0,0,7,100,0,0,0,0,43,0,0,0,0,0,0,0,0,89,101,0,269,134,338,0,0,0,0,25,81,"82"
"8204060601",164,591,124,94,81,6,41,8.46341463414634,0,0,316,591,591,573,591,591,591,591,591,591,591,591,127,294,0,0,564,558,219,591,591,591,591,591,219,28,124,591,591,0,0,0,8,71,64,0,0,0,0,40,0,10,0,0,0,0,0,0,54,59,0,421,131,208,0,0,0,0,12,0,"82"
"8204060701",279,884,182,148,141,12,23,10,13,13,392,884,884,828,857,884,884,884,884,884,884,884,172,331,0,0,850,837,414,884,884,884,884,884,415,44,82,884,884,0,0,0,0,0,0,3,0,0,0,0,0,2,0,0,0,0,0,0,27,29,0,81,47,119,0,0,0,0,0,0,"82"
"8204060801",135,505,131,105,88,10,45,8.25185185185185,39,36,286,505,505,493,495,505,505,505,505,505,505,505,93,239,0,0,486,475,243,505,505,505,505,505,243,49,151,505,505,0,0,0,0,0,126,0,0,0,0,0,0,0,0,0,0,0,0,0,52,91,0,30,26,258,0,0,0,0,0,0,"82"
"8204060901",143,324,97,71,85,8,54,8.15384615384615,0,0,101,324,324,311,318,324,324,324,324,324,324,324,26,96,0,0,270,268,146,324,324,324,324,324,146,20,85,324,324,0,0,0,0,8,37,0,0,0,0,4,0,7,0,0,3,0,0,0,22,50,0,253,52,75,0,0,0,0,9,3,"82"
"8204061001",139,515,129,119,76,4,0,9.63309352517986,12,12,269,515,515,496,507,515,515,515,515,515,515,515,61,253,0,0,504,499,243,515,515,515,515,515,243,22,0,515,515,0,0,0,0,12,106,12,0,0,0,0,0,3,0,0,0,0,0,0,58,73,0,358,232,288,0,0,6,0,0,0,"82"
"8204061101",95,357,66,60,40,0,12,7.97894736842105,0,0,183,357,357,343,354,357,357,357,357,357,357,357,64,172,0,0,356,356,164,357,357,357,357,357,164,0,47,357,357,0,0,0,0,99,11,0,0,0,0,12,0,3,0,0,0,0,0,0,25,51,0,338,23,161,0,0,0,0,0,0,"82"
"8204061201",120,302,51,40,83,10,33,7.99166666666667,5,0,99,302,302,293,292,302,302,302,302,302,302,302,14,95,2,0,269,262,186,302,302,302,302,302,186,39,86,302,302,0,0,0,3,35,51,0,0,0,0,100,4,4,0,0,0,0,0,0,37,52,0,77,147,110,8,0,0,0,20,0,"82"
"8204061301",32,100,32,30,20,1,2,7.875,4,4,30,100,100,99,100,100,100,100,100,100,100,100,10,26,0,0,93,93,45,100,100,100,100,100,57,12,8,100,100,0,0,0,0,0,24,0,0,0,0,14,0,1,0,0,0,0,0,0,19,7,0,80,40,25,0,0,0,0,0,0,"82"
"8204061302",171,500,118,94,124,6,3,8.4093567251462,0,0,165,500,500,492,499,500,500,500,500,500,500,500,51,150,0,11,456,448,315,500,500,500,500,500,315,29,7,500,500,0,0,0,0,6,29,7,0,0,0,60,3,2,0,0,11,0,0,0,44,62,0,329,50,72,9,0,0,0,0,0,"82"
"8204061401",173,644,112,78,62,10,22,8.7514450867052,47,47,420,644,644,560,618,644,644,644,644,644,644,644,146,343,0,0,625,615,220,644,644,644,644,644,225,51,69,644,644,0,0,0,5,12,131,0,0,0,0,12,0,5,0,0,0,0,0,0,82,59,0,426,7,281,0,0,0,0,0,0,"82"
"8204070101",213,740,186,144,105,27,94,9.11267605633803,49,41,480,740,740,701,723,740,740,740,740,740,740,740,128,452,6,9,703,696,282,740,740,740,740,740,282,87,281,740,740,0,0,0,0,3,484,0,0,0,0,38,0,0,0,0,0,0,0,7,41,14,0,302,0,302,0,0,0,0,0,0,"82"
"8204070201",199,760,123,106,74,11,8,7.91959798994975,17,14,547,760,760,664,750,760,760,760,760,760,760,760,178,496,0,0,732,729,196,760,760,760,760,760,206,46,24,760,760,0,0,0,167,344,425,0,169,0,0,354,163,66,15,0,0,0,0,3,227,69,0,564,3,427,0,0,0,0,0,0,"82"
"8204070301",88,326,44,41,39,5,14,7.40909090909091,0,0,230,326,326,291,326,326,326,326,326,326,326,326,93,230,0,0,307,307,94,326,326,326,326,326,94,18,26,326,326,0,0,0,0,6,165,0,0,0,0,3,0,0,0,0,10,0,0,7,35,25,0,282,0,166,0,0,0,0,0,0,"82"
"8204070401",111,360,54,46,57,10,17,7.79279279279279,24,18,236,360,360,335,359,360,360,360,360,360,360,360,68,199,0,0,332,329,120,360,360,360,360,360,120,34,42,360,360,0,0,0,70,62,261,0,0,0,0,233,0,56,0,0,0,0,0,0,27,58,0,312,2,157,0,0,0,0,0,0,"82"
"8204070501",128,445,107,94,57,16,20,7.5234375,53,24,258,445,445,400,441,445,445,445,445,445,445,445,94,233,0,5,408,408,123,445,445,445,445,445,128,53,65,445,445,0,0,0,3,4,300,2,22,0,0,148,0,95,0,0,0,0,0,2,45,17,2,161,4,173,0,0,0,0,0,0,"82"
"8204070601",89,289,36,25,46,10,33,6.74157303370786,0,0,162,289,289,284,282,289,289,289,289,289,289,289,70,155,0,0,265,262,94,289,289,289,289,289,94,22,96,289,289,0,0,0,0,0,204,0,0,0,0,26,0,0,0,0,0,0,0,0,24,34,0,233,0,132,0,0,0,0,0,0,"82"
"8204070701",75,232,45,41,35,6,8,7.25333333333333,5,5,168,232,232,212,221,232,232,232,232,232,232,232,65,134,0,0,215,215,62,232,232,232,232,232,62,11,18,232,232,0,0,0,8,4,209,0,3,0,0,199,0,2,0,0,0,0,0,0,35,9,0,4,0,116,0,0,0,0,0,0,"82"
"8204070801",96,322,85,64,43,6,4,8.36458333333333,8,8,224,322,322,306,320,322,322,322,322,322,322,322,115,139,0,0,295,289,119,322,322,322,322,322,120,21,25,322,322,0,0,0,0,0,211,0,0,0,0,0,0,5,0,0,0,0,0,0,22,14,0,69,0,183,0,0,0,0,0,0,"82"
"8204510101",357,685,151,118,214,2,12,8.64705882352941,8,8,145,685,685,660,685,685,685,685,685,685,685,685,36,129,0,0,534,531,338,685,685,685,685,685,338,4,27,685,685,0,0,0,0,0,453,0,0,0,0,0,0,0,0,0,0,0,0,0,0,0,0,505,47,74,0,0,0,0,0,1,"82"
"8204510201",149,292,72,62,93,6,1,7.93288590604027,0,0,45,292,292,282,292,292,292,292,292,292,292,292,7,58,0,0,244,242,158,292,287,287,287,287,162,13,2,287,287,0,0,0,0,0,155,0,0,0,0,0,0,0,0,0,0,0,0,0,0,0,0,130,10,29,0,0,0,0,0,0,"82"
"8205020101",314,622,120,113,140,4,0,8.56687898089172,0,0,110,622,622,586,595,622,622,622,613,622,622,622,24,108,11,0,530,520,267,622,622,622,622,622,267,18,0,622,622,0,0,0,3,21,78,6,9,0,0,191,0,25,2,0,0,0,0,0,47,31,0,104,129,168,46,0,0,0,9,2,"82"
"8205020201",325,618,111,83,197,5,0,8.31692307692308,0,0,70,618,618,594,585,618,618,618,618,618,618,618,4,86,3,0,515,515,327,618,618,618,618,618,327,12,0,613,614,0,0,0,1,1,30,0,0,0,0,87,0,0,0,0,0,0,0,0,2,0,0,15,130,159,18,0,0,0,32,1,"82"
"8205020301",151,394,104,90,82,0,0,8.41721854304636,0,0,125,394,394,372,371,394,394,394,394,394,394,394,54,100,0,0,365,357,195,394,394,394,394,394,195,0,0,394,394,0,0,0,0,0,79,0,0,0,0,72,0,1,1,0,0,0,0,0,29,36,0,8,63,79,11,0,0,0,6,0,"82"
"8205020401",335,1271,221,187,166,3,0,8.18507462686567,41,41,678,1271,1271,1223,1271,1271,1271,1271,1271,1271,1271,1271,274,552,4,0,1248,1247,580,1271,1268,1268,1268,1268,583,15,0,1266,1266,0,0,0,0,0,8,0,0,0,0,1,0,0,0,0,0,0,0,0,8,0,0,10,6,633,2,3,0,0,0,0,"82"
"8205020501",141,321,73,58,56,1,2,8.45390070921986,0,0,35,321,321,297,319,321,321,321,321,321,321,321,8,37,0,0,312,309,116,321,321,321,321,321,116,2,3,320,321,0,0,0,0,0,2,0,0,0,0,3,0,0,0,0,0,0,0,0,0,3,0,65,25,19,40,0,0,0,0,1,"82"
"8205020601",91,235,32,31,37,1,1,8.41758241758242,8,8,77,235,235,226,232,235,235,235,235,235,235,235,30,62,6,0,218,218,87,235,235,235,235,235,87,3,3,235,235,0,0,0,0,0,2,0,0,0,0,0,0,0,0,0,0,0,0,0,0,0,0,91,53,59,0,0,0,0,0,0,"82"
"8205020701",736,1540,390,336,289,3,2,8,11,11,380,1540,1540,1455,1540,1540,1540,1540,1540,1540,1540,1540,143,312,17,8,1421,1408,630,1540,1540,1540,1540,1540,630,10,8,1540,1540,0,0,0,0,0,422,0,0,0,0,3,0,0,3,0,0,0,0,0,0,19,0,0,35,104,0,0,0,0,0,5,"82"
"8205020801",167,227,43,38,69,0,0,8.92814371257485,0,0,5,227,227,216,197,227,227,227,227,227,227,227,0,11,5,0,179,174,102,227,225,225,226,226,102,0,0,226,227,0,0,0,0,0,78,2,0,0,0,129,0,0,0,0,0,0,0,0,2,7,0,11,78,91,70,0,0,0,0,2,"82"
"8205020901",349,886,160,141,190,2,18,8.55300859598854,0,0,302,886,886,858,884,886,886,886,886,886,886,886,105,235,0,0,810,805,452,886,886,886,886,886,452,4,56,886,886,0,0,0,0,0,50,0,0,0,0,0,0,0,0,0,0,0,0,0,0,15,0,0,0,3,0,0,0,0,0,0,"82"
"8205030101",41,90,18,11,26,1,1,9.87804878048781,0,0,30,90,90,89,89,90,90,90,90,90,90,90,6,33,0,0,72,72,46,90,90,90,90,90,46,3,3,90,90,0,0,0,0,0,0,0,0,0,0,0,0,0,0,0,0,0,0,0,4,10,0,6,12,10,0,0,0,0,0,0,"82"
"8205030201",40,72,22,14,13,0,1,9.4,0,0,19,72,72,72,72,72,72,72,72,72,72,72,11,19,0,0,62,62,28,72,72,72,72,72,28,0,11,72,72,0,0,0,0,1,3,1,0,0,0,1,0,0,0,0,0,0,0,0,4,15,0,43,19,28,0,0,0,0,0,11,"82"
"8205030301",178,346,60,46,92,2,0,8.52247191011236,0,0,56,346,346,319,345,346,346,346,346,346,346,346,25,47,0,0,291,291,154,346,346,346,346,346,159,5,0,346,346,0,0,0,0,0,0,3,0,0,0,0,0,4,0,0,0,0,0,0,0,22,0,304,8,16,3,0,0,0,0,0,"82"
"8205030401",133,168,24,17,40,1,0,9.37593984962406,0,0,23,168,168,161,165,168,168,168,168,168,168,168,11,23,0,0,132,132,54,168,168,168,168,168,54,1,0,168,168,0,0,0,0,0,39,6,0,0,0,0,0,0,0,0,0,0,0,0,0,0,0,107,29,39,0,0,0,0,0,0,"82"
"8205030501",275,337,75,67,38,0,0,7.83272727272727,9,0,36,337,337,304,335,337,337,337,337,337,337,337,8,30,0,0,305,303,55,337,337,337,337,337,55,0,0,337,337,0,0,0,1,0,0,1,0,0,0,0,0,0,0,0,0,0,0,0,0,0,0,333,33,35,8,0,0,0,4,0,"82"
"8205030601",151,191,51,33,40,0,0,9.07284768211921,0,0,27,191,191,180,190,191,191,191,191,191,191,191,11,21,0,0,144,144,76,191,191,191,191,191,76,0,0,191,191,0,0,0,0,0,29,2,0,0,0,0,0,0,0,0,0,0,0,0,0,0,0,147,33,41,0,0,0,0,1,0,"82"
"8205030701",48,110,23,20,26,2,0,9.6875,0,0,11,110,110,107,105,110,110,110,110,110,110,110,0,11,0,0,100,100,59,110,110,110,110,110,59,5,0,110,110,0,0,0,0,1,0,0,0,0,0,0,0,0,1,0,0,0,0,0,4,16,0,53,10,26,0,0,0,0,0,0,"82"
"8205040101",239,443,117,96,101,7,20,8.30543933054393,6,3,67,443,443,405,442,443,443,443,443,443,443,443,5,81,0,0,390,384,200,443,443,443,443,443,202,20,43,443,443,0,0,0,0,0,9,15,0,0,0,0,0,0,0,0,0,0,0,0,7,11,0,312,76,105,0,0,0,0,0,0,"82"
"8205040201",1354,2875,690,608,458,4,0,9.42909896602659,0,0,985,2875,2875,2594,1948,2875,2875,2875,2875,2875,2875,2875,364,891,4,0,2677,2682,1074,2875,2872,2874,2874,2874,1074,17,0,2875,2875,0,0,21,0,0,19,17,0,0,0,0,0,4,2,0,0,0,0,0,86,274,0,2209,148,206,0,0,8,0,0,0,"82"
"8205040301",127,367,59,42,99,3,1,9.47244094488189,0,0,161,367,367,366,301,367,367,367,367,367,367,367,55,146,0,0,339,334,228,367,364,364,364,364,228,12,3,367,367,0,0,0,0,0,24,4,0,0,0,0,0,2,0,0,0,0,0,0,40,118,0,179,37,67,0,3,0,0,0,0,"82"
"8205040401",235,435,130,111,125,3,4,8.24255319148936,4,4,138,435,435,425,423,435,435,435,435,435,435,435,40,121,5,0,362,359,252,435,435,435,435,435,252,7,5,435,435,0,0,0,0,0,54,5,0,0,0,0,0,1,0,0,0,0,0,0,45,74,0,133,40,51,0,0,0,0,0,0,"82"
"8205040501",244,535,154,120,154,1,5,9.50819672131148,0,0,97,535,535,515,518,535,535,535,535,535,535,535,35,104,0,0,440,435,262,535,532,532,532,532,262,4,7,532,532,0,0,0,0,0,0,0,0,0,0,0,0,0,0,0,0,0,0,0,0,89,0,487,5,47,0,3,0,0,0,0,"82"
"8205040601",311,802,138,116,124,2,0,9.2604501607717,5,5,328,802,802,771,777,802,802,802,802,802,802,802,117,315,0,0,764,764,318,802,799,802,802,802,318,9,0,802,802,0,0,0,0,0,26,4,2,0,0,2,0,2,0,0,0,0,0,0,19,202,0,654,130,214,0,0,9,0,0,3,"82"
"8205040701",96,257,61,53,28,0,0,7.98958333333333,12,12,120,257,257,239,257,257,257,257,257,257,257,257,49,94,0,0,244,244,75,257,257,257,257,257,75,0,0,257,257,0,0,0,0,0,11,1,0,0,0,0,0,0,0,0,0,0,0,0,5,0,0,201,103,137,3,0,0,0,0,0,"82"
"8205040801",79,82,14,7,15,0,0,8.08860759493671,0,0,0,82,82,77,79,82,82,82,82,82,82,82,0,0,0,0,66,66,16,82,82,82,82,82,16,0,0,82,82,0,0,0,0,0,0,0,0,0,0,0,0,1,0,0,0,0,0,0,3,3,0,7,0,3,0,0,0,0,0,0,"82"
"8205050101",73,218,26,19,55,2,34,9.68493150684932,0,0,90,218,218,213,193,218,218,218,218,218,218,218,26,92,0,0,193,193,117,218,218,218,218,218,117,4,89,218,216,0,0,0,0,0,180,8,1,0,0,0,56,0,0,0,0,0,0,0,6,33,0,29,46,30,0,0,0,2,4,0,"82"
"8205050201",55,151,28,21,41,2,24,8.16363636363636,5,0,65,151,151,147,138,151,151,151,151,151,151,151,18,55,0,0,136,135,78,151,151,151,151,151,83,10,66,151,151,0,0,0,0,0,145,0,0,0,0,3,0,0,0,0,0,0,0,0,3,0,0,5,38,59,0,0,0,0,0,0,"82"
"8205050301",93,250,75,58,75,5,47,8,10,10,99,250,250,243,248,250,250,250,250,250,250,250,66,55,0,5,214,210,161,250,250,250,250,250,161,21,116,250,250,0,0,0,0,0,114,3,0,0,0,0,3,1,0,0,0,0,0,0,55,75,0,36,47,114,0,0,0,0,0,0,"82"
"8205050401",10,22,4,4,4,1,0,8.1,0,0,11,22,22,22,22,22,22,22,22,22,22,22,0,7,0,0,19,19,8,22,22,22,22,22,8,4,0,22,22,0,0,0,0,0,17,0,0,0,0,0,0,0,0,0,0,0,0,0,0,0,0,1,0,0,0,0,0,0,0,0,"82"
"8205050501",110,325,94,74,108,7,23,8.66363636363636,0,0,126,325,325,322,321,325,325,325,325,325,325,325,60,96,0,0,269,270,228,325,325,325,325,325,233,26,52,325,325,0,0,7,0,0,223,3,0,0,0,0,0,4,0,0,0,0,0,0,20,69,0,42,67,72,0,0,0,0,0,0,"82"
"8205050601",65,289,69,55,65,6,16,8.50769230769231,0,0,139,289,289,289,289,289,289,289,289,289,289,289,53,141,0,0,276,272,209,289,289,289,289,289,212,30,70,289,289,0,0,0,0,0,210,2,0,0,0,0,0,0,0,0,0,0,0,0,24,75,0,159,55,65,0,0,0,0,0,0,"82"
"8205060101",285,877,205,174,133,1,3,7.5859649122807,28,21,372,877,877,838,826,877,877,877,877,877,877,877,159,327,24,2,847,844,382,877,877,877,877,877,382,4,14,877,877,0,0,0,0,0,700,5,0,0,0,2,0,0,0,0,0,11,0,0,41,32,0,90,0,407,0,0,0,0,0,0,"82"
"8205060201",36,100,22,19,18,0,0,8.69444444444444,0,0,38,100,100,95,77,100,100,100,100,100,100,100,14,30,0,2,89,89,31,100,100,100,100,100,31,0,0,100,100,0,0,0,4,0,15,0,0,0,0,0,0,0,0,0,0,0,0,0,14,11,0,26,48,68,0,0,0,0,0,0,"82"
"8205060301",13,36,10,9,9,0,0,8.07692307692308,0,0,4,36,36,36,36,36,36,36,36,36,36,36,0,4,0,0,34,34,22,36,36,36,36,36,22,0,0,36,36,0,0,0,0,0,7,0,0,0,0,29,0,0,0,0,0,0,0,0,4,0,0,6,0,6,13,0,0,0,0,3,"82"
"8205060401",164,469,112,86,80,14,21,8.50609756097561,7,7,172,469,469,444,467,469,469,469,469,469,469,469,43,152,19,0,438,435,207,469,469,469,469,469,207,48,51,469,469,0,0,0,0,0,44,5,0,0,0,0,0,4,0,0,0,0,0,0,3,9,0,249,5,11,3,0,0,0,0,2,"82"
"8205060501",115,295,95,79,74,4,40,8.5304347826087,0,0,92,295,295,289,295,295,295,295,295,295,295,295,34,94,0,0,252,248,133,295,295,295,295,295,138,10,98,295,295,0,0,0,0,0,0,0,0,0,0,0,0,0,0,0,0,0,0,0,0,0,0,39,0,0,0,0,0,0,0,4,"82"
"8205060601",124,347,92,72,77,3,34,8.56451612903226,8,0,76,347,347,337,344,347,347,347,347,347,347,347,19,88,5,0,329,326,159,347,346,346,347,347,159,7,73,347,347,0,0,0,1,10,53,0,3,0,0,141,3,4,5,0,0,0,0,0,44,54,0,63,16,37,0,0,0,0,4,8,"82"
"8205060701",160,518,75,63,62,2,1,8.025,13,13,307,518,518,471,518,518,518,518,518,518,518,518,91,248,0,0,515,508,186,518,518,518,518,518,186,6,3,518,518,0,0,0,0,0,39,0,0,0,0,0,0,0,0,0,0,0,0,0,0,0,0,511,0,179,0,0,0,0,0,0,"82"
"8205060801",172,439,103,77,94,0,0,8.71511627906977,0,0,106,439,439,418,431,439,439,439,439,439,439,439,27,107,3,0,410,393,207,439,439,439,439,439,207,0,0,439,439,0,0,0,0,0,116,8,0,0,0,0,0,2,0,0,0,0,0,0,32,37,0,0,0,0,0,0,0,0,0,0,"82"
"8205060901",336,918,236,168,143,2,4,8.10119047619048,3,3,406,918,918,849,918,918,918,918,918,918,918,918,144,388,7,13,870,865,356,918,918,918,918,918,357,8,14,918,918,0,0,0,0,0,0,0,0,0,0,0,0,0,0,0,0,0,0,0,0,0,0,247,0,0,0,0,0,0,0,0,"82"
"8205070101",178,428,57,45,76,0,0,7.99438202247191,0,0,79,428,428,420,428,428,428,428,428,428,428,428,26,80,0,0,415,415,177,428,428,428,428,428,177,0,0,428,428,0,0,0,0,0,0,0,0,0,0,0,0,0,0,0,0,0,0,0,0,0,0,0,0,4,0,0,0,0,0,0,"82"
"8205070201",256,428,118,94,85,1,0,8,0,0,59,428,428,391,427,428,428,428,428,428,428,428,11,62,0,0,385,385,141,428,428,428,428,428,141,1,0,428,428,0,0,0,0,0,2,0,0,0,0,0,0,0,0,0,0,0,0,0,0,0,0,0,0,0,0,0,0,0,0,0,"82"
"8205070301",367,726,110,90,136,1,0,8.00544959128065,0,0,198,726,726,674,726,726,726,726,726,726,726,726,51,203,0,0,652,645,258,726,726,726,726,726,258,3,0,726,726,0,0,0,0,0,0,0,0,0,0,0,0,0,0,0,0,0,0,0,0,0,0,0,0,0,0,0,0,0,0,1,"82"
"8205070401",412,953,189,148,189,13,0,7.99757281553398,0,0,233,953,953,900,953,953,953,953,953,953,953,953,70,232,0,0,904,893,403,953,953,953,953,953,403,42,0,953,953,0,0,0,0,0,2,0,3,0,0,0,0,0,0,0,0,0,0,0,0,0,0,0,0,0,0,0,0,0,0,0,"82"
"8205070501",346,633,59,45,85,0,0,8.0028901734104,0,0,140,633,633,590,632,633,633,633,633,633,633,633,29,167,0,0,583,580,145,633,633,633,633,633,145,0,0,633,633,0,0,0,0,0,2,0,0,0,0,3,0,0,0,0,0,0,0,0,0,0,0,0,3,0,0,0,0,0,0,2,"82"
"8205070601",130,246,13,8,42,1,0,8,0,0,62,246,246,234,246,246,246,246,246,246,246,246,8,64,0,0,234,234,93,246,246,246,246,246,93,2,0,246,246,0,0,0,0,0,1,0,0,0,0,0,0,0,0,0,0,0,0,0,0,0,0,0,0,0,0,0,0,0,0,0,"82"
"8205070701",142,295,4,5,57,1,0,8,0,0,79,295,295,284,291,295,295,295,295,295,295,295,21,73,0,0,277,275,101,295,295,295,295,295,101,3,0,295,295,0,0,0,0,0,0,0,0,0,0,3,0,3,0,0,0,0,0,0,0,0,0,0,0,0,0,0,0,0,0,1,"82"
"8205080101",60,74,23,23,9,0,0,8.5,0,0,4,74,74,66,74,74,74,74,74,74,74,74,2,2,0,0,63,63,13,74,74,74,74,74,13,0,0,74,74,0,0,0,0,0,29,0,0,0,0,0,0,0,0,0,0,0,0,0,0,0,0,0,21,22,0,0,0,0,0,0,"82"
"8205080201",87,236,35,30,33,0,0,8.48275862068965,0,0,77,236,236,224,224,236,236,236,236,236,236,236,14,87,0,0,222,215,83,236,236,236,236,236,83,0,0,236,236,0,0,0,0,0,3,0,0,0,0,0,0,0,0,0,0,0,0,0,0,0,0,0,3,45,0,0,0,0,0,0,"82"
"8205080301",61,106,19,18,22,0,0,8.9344262295082,0,0,21,106,106,101,106,106,106,106,106,106,106,106,6,19,0,0,94,94,39,106,106,106,106,106,39,0,0,106,106,0,0,0,0,0,96,0,0,0,0,0,0,0,0,0,0,0,0,0,0,0,0,0,76,80,0,0,0,0,0,0,"82"
"8205080401",39,89,15,14,13,0,0,8.97435897435897,0,0,37,89,89,84,89,89,89,89,89,89,89,89,12,29,0,0,86,86,26,89,89,89,89,89,26,0,0,89,89,0,0,0,0,0,84,0,0,0,0,0,0,0,0,0,0,0,0,0,0,0,0,0,74,71,0,0,0,0,0,0,"82"
"8205080501",23,25,3,1,8,0,0,8.69565217391304,0,0,0,25,25,25,25,25,25,25,25,25,25,25,0,0,0,0,18,18,9,25,25,25,25,25,9,0,0,25,25,0,0,0,0,0,15,0,0,0,0,0,0,0,0,0,0,0,0,0,0,0,0,0,9,10,0,0,0,0,0,0,"82"
"8205510101",78,112,32,28,44,10,1,9.38461538461539,2,2,21,112,112,105,110,112,112,112,112,112,112,112,4,13,0,0,74,70,54,112,112,112,112,112,54,20,2,112,112,0,0,0,0,0,0,2,2,0,0,2,4,3,0,0,0,0,0,0,0,0,6,58,13,22,2,0,0,0,4,0,"82"
"8205510201",194,448,88,69,105,7,0,8.1701030927835,43,29,156,448,448,428,448,448,448,448,448,448,448,448,42,120,0,3,396,390,234,448,448,448,448,448,238,16,0,448,448,0,0,0,0,0,8,11,0,0,0,0,0,0,0,0,0,0,0,0,0,0,9,374,35,78,0,0,0,0,0,0,"82"
"8205510301",227,374,65,52,166,15,1,9.6431718061674,6,6,76,374,374,361,365,374,374,374,374,374,374,374,21,70,0,0,238,229,241,374,374,374,374,374,241,37,2,374,374,0,0,0,0,0,0,0,0,0,0,0,1,0,0,0,0,0,0,0,2,0,8,193,21,46,2,0,0,0,1,2,"82"
"8205510401",109,240,53,40,77,17,0,9.51376146788991,0,0,52,240,240,240,226,240,240,240,240,240,240,240,22,54,21,0,200,198,149,240,240,240,240,240,149,39,0,240,240,0,0,0,0,0,0,0,0,0,0,0,0,0,0,0,0,0,0,2,0,0,3,136,31,54,0,0,0,0,0,2,"82"
"8205510501",100,255,65,50,98,7,1,8.14,2,2,87,255,255,248,255,255,255,255,255,255,255,255,29,74,0,0,198,192,168,255,255,255,255,255,168,15,5,255,255,0,0,0,0,0,9,16,0,0,0,7,0,0,0,0,0,0,0,0,0,0,5,156,9,34,0,0,0,0,0,0,"82"
"8205510601",141,285,78,60,145,23,2,7.95744680851064,0,0,43,285,285,280,285,285,285,285,285,285,285,285,0,38,0,0,182,180,215,285,285,285,285,285,218,59,4,285,285,0,0,0,0,0,0,0,0,0,0,1,0,0,0,0,0,0,0,0,0,0,4,266,0,0,0,0,0,0,0,0,"82"
"8205510701",148,266,65,50,110,13,1,9.14864864864865,2,2,55,266,266,263,263,266,266,266,266,266,266,266,20,54,0,2,191,187,183,266,266,266,266,266,183,30,2,266,266,0,0,0,0,0,58,0,0,0,0,0,0,0,0,0,0,0,0,0,2,1,2,103,23,58,0,0,0,0,0,0,"82"
"8206010101",57,117,30,20,32,1,1,7.3859649122807,0,0,38,117,117,111,117,117,117,117,117,117,117,117,0,42,0,0,96,96,50,117,117,117,117,117,52,2,1,117,117,0,0,0,0,0,0,0,0,0,0,0,0,0,0,0,0,0,0,0,0,0,0,41,0,19,0,0,0,0,0,0,"82"
"8206010201",131,164,31,28,45,0,0,8.87022900763359,0,0,8,164,164,146,164,164,164,164,164,164,164,164,0,8,0,0,125,125,59,164,164,164,164,164,59,0,0,164,164,0,0,0,0,0,0,0,0,0,0,0,0,0,0,0,0,0,0,0,0,2,2,141,0,0,0,0,0,0,0,0,"82"
"8206010301",528,1129,172,145,144,2,10,8.75378787878788,0,0,390,1129,1129,1020,1129,1129,1129,1129,1129,1129,1129,1129,88,403,0,0,1044,1042,243,1129,1129,1129,1129,1129,243,4,19,1129,1129,0,0,0,0,0,0,0,0,0,0,0,0,0,0,0,0,0,0,0,98,32,0,1050,0,29,0,0,0,0,0,0,"82"
"8206010401",226,357,83,64,93,1,0,7.38938053097345,0,0,16,357,357,335,357,357,357,357,357,357,357,357,4,16,0,0,276,276,119,357,357,357,357,357,119,1,0,357,357,0,0,0,0,0,0,0,0,0,0,0,0,0,0,0,0,0,0,0,2,10,0,294,3,107,0,0,0,0,0,0,"82"
"8206010501",44,79,19,18,15,0,0,8.86363636363636,0,0,29,79,79,75,79,79,79,79,79,79,79,79,13,26,0,0,65,65,25,79,79,79,79,79,25,0,0,79,79,0,0,0,0,0,0,0,0,0,0,0,0,0,0,0,0,0,0,0,6,0,0,54,0,0,0,0,0,0,0,0,"82"
"8206010601",237,535,123,88,106,0,1,8.88185654008439,2,2,47,535,535,491,535,535,535,535,535,535,535,535,17,35,0,0,489,487,222,535,535,535,535,535,222,0,2,535,535,0,0,0,0,0,0,0,0,0,0,0,0,0,0,0,0,0,0,0,8,11,0,499,0,30,0,0,0,0,0,0,"82"
"8206010701",147,170,38,31,35,1,0,8.43537414965986,0,0,0,170,170,147,170,170,170,170,170,170,170,170,0,0,0,0,138,138,43,170,170,170,170,170,43,3,0,170,170,0,0,0,0,0,0,0,0,0,0,0,0,0,0,0,0,0,0,0,0,3,0,162,0,2,0,0,0,0,0,0,"82"
"8206010801",40,76,34,28,17,0,0,8.7,0,0,8,76,76,70,76,76,76,76,76,76,76,76,0,8,0,0,71,71,28,76,76,76,76,76,28,0,0,76,76,0,0,0,0,0,0,0,0,0,0,0,0,0,0,0,0,0,0,0,4,5,0,59,0,0,0,0,0,0,0,0,"82"
"8206010901",219,294,66,52,77,1,0,8.38356164383562,0,0,38,294,294,265,294,294,294,294,294,294,294,294,4,41,0,0,221,221,92,294,294,294,294,294,95,3,0,294,294,0,0,0,0,0,0,0,0,0,0,0,0,0,0,0,0,0,0,0,32,0,0,281,0,5,0,0,0,0,0,0,"82"
"8206011001",265,405,125,104,78,0,1,8.85283018867925,0,0,44,405,405,334,405,405,405,405,405,405,405,405,3,43,0,0,340,340,109,405,405,405,405,405,109,0,2,405,405,0,0,0,0,0,0,0,0,0,0,0,0,0,0,0,0,0,0,0,6,4,0,373,0,7,0,0,0,0,0,0,"82"
"8206011101",141,287,69,61,54,0,0,8.83687943262411,0,0,91,287,287,255,287,287,287,287,287,287,287,287,28,67,0,0,248,248,105,287,287,287,287,287,105,0,0,287,287,0,0,0,0,0,0,0,0,0,0,0,0,0,0,0,0,0,0,0,55,0,0,218,0,2,0,0,0,0,0,0,"82"
"8206011201",125,240,44,33,51,0,0,8.816,3,3,65,240,240,228,240,240,240,240,240,240,240,240,30,64,0,0,208,206,107,240,240,240,240,240,107,0,0,240,240,0,0,0,0,0,0,0,0,0,0,0,0,0,0,0,0,0,0,0,24,0,0,216,0,2,0,0,0,0,0,0,"82"
"8206020101",148,340,56,47,72,5,0,9.58108108108108,0,0,111,340,340,331,340,340,340,340,340,340,340,340,29,107,4,0,304,304,149,340,340,340,340,340,149,15,0,340,340,0,0,0,0,0,108,4,0,0,0,0,0,0,0,0,0,0,0,0,17,23,0,132,98,115,0,0,0,0,0,0,"82"
"8206020201",236,617,51,44,99,0,0,9.09745762711864,0,0,185,617,617,597,599,617,617,617,617,617,617,617,94,128,3,0,574,569,242,617,617,617,617,617,242,0,0,617,617,0,0,0,0,0,0,0,0,0,0,0,0,0,0,0,0,0,0,9,3,31,0,89,254,168,0,0,0,0,0,0,"82"
"8206020301",257,698,104,93,81,5,10,9.17120622568093,0,0,278,698,698,656,698,698,698,698,698,698,698,698,89,271,0,0,664,651,176,698,698,698,698,698,176,17,27,698,698,0,0,0,0,0,0,0,0,0,0,0,0,0,0,0,0,0,0,4,48,22,0,82,115,82,0,0,0,0,0,0,"82"
"8206020401",200,368,122,108,52,0,4,8.335,0,0,93,368,368,326,367,368,368,368,368,368,368,368,22,87,0,0,329,329,87,368,368,368,368,368,87,0,7,368,368,0,0,0,0,0,2,0,0,0,0,7,0,2,0,0,0,0,0,0,11,0,0,99,151,61,0,0,0,0,0,0,"82"
"8206020501",254,551,149,114,121,0,0,7.80708661417323,0,0,166,551,551,535,551,551,551,551,551,551,551,551,34,179,0,0,488,485,231,551,551,551,551,551,231,0,0,551,551,0,0,0,0,0,0,0,0,0,0,0,0,5,0,0,0,0,0,0,143,29,0,535,0,0,0,0,0,0,0,0,"82"
"8206020601",180,542,123,106,89,2,2,7.62777777777778,15,6,291,542,542,524,531,542,542,542,542,542,542,542,94,292,37,0,506,503,206,542,542,542,542,542,206,7,4,542,542,0,0,0,0,0,0,0,0,0,0,0,0,0,0,0,0,0,0,0,3,21,0,209,0,246,0,0,0,0,0,0,"82"
"8206020701",202,658,144,127,67,0,0,8.67821782178218,16,12,402,658,658,605,658,658,658,658,658,658,658,658,212,309,0,0,644,634,189,658,658,658,658,658,189,0,0,658,658,0,0,0,0,0,0,0,0,0,0,0,0,0,0,0,0,0,0,0,122,34,0,602,0,71,0,0,0,0,0,0,"82"
"8206020801",79,151,57,53,41,0,0,7.64556962025316,0,0,23,151,151,138,151,151,151,151,151,151,151,151,13,23,0,0,121,118,57,151,151,151,151,151,57,0,0,151,151,0,0,0,0,0,0,0,0,0,0,0,0,0,0,0,0,0,0,0,3,0,0,131,0,10,0,0,0,0,0,0,"82"
"8206020901",99,124,23,23,26,0,1,8.22222222222222,0,0,9,124,124,112,121,124,124,124,124,124,124,124,0,9,0,0,99,99,31,124,124,124,124,124,31,0,1,124,124,0,0,0,0,0,0,2,0,0,0,0,0,0,0,0,0,0,0,0,0,0,0,0,1,10,0,0,0,0,0,0,"82"
"8206030101",29,73,8,7,2,0,0,7.89655172413793,5,0,40,73,73,57,73,73,73,73,73,73,73,73,14,28,0,0,73,73,7,73,73,73,73,73,7,0,0,73,73,0,0,0,0,0,0,0,0,0,0,0,0,0,0,0,0,0,0,0,0,0,0,8,14,37,0,0,0,0,0,0,"82"
"8206030201",40,115,38,32,10,1,0,8.9,0,0,68,115,115,97,115,115,115,115,115,115,115,115,38,48,0,0,109,109,31,115,115,115,115,115,31,2,0,115,115,0,0,0,0,0,0,0,0,0,0,0,0,0,0,0,0,0,0,0,4,2,0,74,0,0,0,0,0,0,0,0,"82"
"8206030301",25,53,12,12,4,0,0,8.96,0,0,28,53,53,46,53,53,53,53,53,53,53,53,8,20,0,0,49,47,11,53,53,53,53,53,11,0,0,53,53,0,0,0,0,0,0,0,0,0,0,0,0,0,0,0,0,0,0,0,0,5,0,47,0,0,0,0,0,0,0,0,"82"
"8206030401",37,55,9,9,11,1,0,8.91891891891892,0,0,16,55,55,49,55,55,55,55,55,55,55,55,2,14,0,0,45,45,15,55,55,55,55,55,15,3,0,55,55,0,0,0,0,0,0,0,0,0,0,0,0,0,0,0,0,0,0,0,0,0,0,48,0,0,0,0,0,0,0,0,"82"
"8206050101",164,476,68,63,57,1,0,7.49390243902439,0,0,217,476,476,452,476,476,476,476,476,476,476,476,90,195,0,0,456,451,157,476,476,476,476,476,157,5,0,476,476,0,0,0,0,0,0,0,0,0,0,0,0,0,0,0,0,0,0,0,5,0,0,448,7,122,0,0,0,0,0,0,"82"
"8206050201",55,150,19,16,29,1,0,8.89090909090909,0,0,66,150,150,147,150,150,150,150,150,150,150,150,37,75,0,0,133,133,64,150,150,150,150,150,64,3,0,150,150,0,0,0,0,0,0,0,0,0,0,0,0,0,0,0,0,0,0,0,7,40,0,147,0,12,0,0,0,0,0,0,"82"
"8206050301",77,216,46,36,35,0,0,8.81818181818182,0,0,119,216,216,207,216,216,216,216,216,216,216,216,52,110,0,0,206,206,89,216,216,216,216,216,89,0,0,216,216,0,0,0,0,0,0,0,0,0,0,0,0,0,0,0,0,0,0,0,10,5,0,209,0,0,0,0,0,0,0,0,"82"
"8206050401",128,327,87,74,59,0,0,8.5625,0,0,138,327,327,322,327,327,327,327,327,327,327,327,62,124,0,0,296,288,120,327,327,327,327,327,120,0,0,327,327,0,0,0,0,0,0,0,0,0,0,0,0,0,0,0,0,0,0,0,45,7,0,290,0,1,0,0,0,0,0,0,"82"
"8206050501",57,157,35,33,28,1,0,8.7719298245614,0,0,36,157,157,153,157,157,157,157,157,157,157,157,10,43,0,0,145,145,53,157,157,157,157,157,53,4,0,157,157,0,0,0,0,0,0,0,0,0,0,0,0,0,0,0,0,0,0,0,33,0,0,106,0,9,0,0,0,0,0,0,"82"
"8206050601",282,676,173,147,90,0,0,8.66312056737589,5,0,292,676,676,609,676,676,676,676,676,676,676,676,139,287,0,0,634,634,223,676,676,676,676,676,223,0,0,676,676,0,0,0,0,0,0,0,0,0,0,0,0,0,0,0,0,0,0,0,62,15,0,636,0,17,0,0,0,0,0,0,"82"
"8206050701",113,366,54,52,29,0,0,8.91150442477876,0,0,221,366,366,322,366,366,366,366,366,366,366,366,74,233,0,0,352,352,70,366,366,366,366,366,70,0,0,366,366,0,0,0,0,0,0,0,0,0,0,0,0,0,0,0,0,0,0,0,23,6,0,230,0,6,0,0,0,0,0,0,"82"
"8206050801",52,165,32,25,20,0,0,7.69230769230769,0,0,91,165,165,162,165,165,165,165,165,165,165,165,23,76,0,0,157,157,54,165,165,165,165,165,54,0,0,165,165,0,0,0,0,0,0,0,0,0,0,0,0,0,0,0,0,0,0,0,67,25,0,115,0,25,0,0,0,0,0,0,"82"
"8206510101",265,606,93,75,107,7,30,7.83018867924528,0,0,175,606,606,576,596,606,606,606,606,606,606,606,28,188,3,0,554,543,250,606,606,606,606,606,253,29,59,606,606,0,0,0,0,0,6,4,0,0,0,161,0,200,0,0,0,0,0,0,0,15,0,327,112,104,0,0,0,0,0,0,"82"
"8206510201",367,930,133,102,153,7,18,8.05994550408719,24,14,317,930,930,884,930,930,930,930,930,930,930,930,103,325,5,0,866,853,371,930,930,930,930,930,371,18,39,930,930,0,0,0,0,0,2,2,0,0,0,3,0,0,0,0,0,0,0,0,296,18,0,888,18,27,0,0,0,0,0,1,"82"
"8206510301",319,722,176,152,140,19,1,8.07523510971787,5,5,252,722,722,679,719,722,722,722,722,722,722,722,91,190,10,0,651,643,276,722,719,722,722,722,276,50,1,722,722,0,0,0,0,0,0,0,0,0,0,0,0,2,0,0,3,0,0,0,0,0,0,496,8,71,0,0,0,0,0,0,"82"
"8207010101",285,777,109,87,138,2,0,8.96491228070176,0,0,252,777,777,742,775,777,777,777,777,777,777,777,110,238,0,0,731,731,313,777,777,777,777,777,313,5,0,777,777,0,0,0,0,0,4,4,0,0,0,0,0,0,0,0,0,0,0,0,0,0,0,742,286,299,0,0,0,0,0,0,"82"
"8207010201",125,345,94,72,64,5,7,8.12,10,6,139,345,345,328,335,345,345,345,345,345,345,345,53,141,0,11,315,313,153,345,345,345,345,345,153,17,17,345,345,0,0,0,0,0,77,2,0,0,0,0,0,3,0,0,0,0,0,0,0,0,0,183,19,92,0,0,0,0,0,0,"82"
"8207010301",91,294,94,81,42,5,26,8.32967032967033,4,4,140,294,294,273,288,294,294,294,294,294,294,294,60,116,3,0,281,276,112,294,294,294,294,294,112,22,60,294,294,0,0,0,0,0,254,3,0,0,0,12,0,0,0,0,0,0,0,0,0,8,0,17,150,172,0,0,0,0,0,0,"82"
"8207010401",212,485,117,90,131,1,1,8,0,0,28,485,485,465,485,485,485,485,485,485,485,485,13,23,0,0,438,436,237,485,485,485,485,485,237,4,1,485,485,0,0,0,0,0,0,17,0,0,0,0,0,0,0,0,0,0,0,0,0,0,0,485,1,3,0,0,0,0,0,0,"82"
"8207010501",115,423,134,108,83,13,24,7.6,5,5,177,423,423,419,423,423,423,423,423,423,423,423,32,193,0,0,406,401,220,423,423,423,423,423,220,54,56,423,423,0,0,0,0,0,275,3,0,0,0,0,0,0,0,0,0,0,0,0,0,0,0,423,210,259,0,0,0,0,0,0,"82"
"8207010601",160,431,78,68,78,1,8,7.925,15,15,152,431,431,411,416,431,431,431,431,431,431,431,39,163,0,0,394,391,185,431,431,431,431,431,185,2,18,431,431,0,0,0,0,0,140,11,0,0,0,4,0,1,0,0,0,0,0,0,0,0,0,84,56,81,0,0,0,0,0,0,"82"
"8207020101",255,783,203,179,144,6,0,8.2,15,8,316,783,783,745,783,783,783,783,783,783,783,783,62,340,0,0,744,744,375,783,783,783,783,783,375,22,0,783,783,0,0,0,0,0,4,10,0,0,0,0,0,0,0,0,0,0,0,0,0,0,0,305,0,378,0,0,0,0,0,0,"82"
"8207020201",127,376,67,52,113,2,4,8.45669291338583,12,4,158,376,376,365,376,376,376,376,376,376,376,376,32,129,0,0,343,336,261,376,376,376,376,376,261,10,12,376,376,0,0,0,0,0,25,6,0,0,0,0,0,0,0,0,0,0,0,0,0,0,0,236,17,85,0,0,0,0,0,0,"82"
"8207020301",171,656,249,219,85,12,1,8.10526315789474,27,27,424,656,656,630,656,656,656,656,656,656,656,656,164,364,0,0,634,630,242,656,656,656,656,656,244,42,9,656,656,0,0,0,0,0,0,3,0,0,0,0,0,0,0,0,0,0,0,0,0,0,0,32,0,465,0,0,0,0,0,0,"82"
"8207020401",217,614,80,68,122,13,58,7.35483870967742,12,12,297,614,614,580,614,614,614,614,614,614,614,614,119,257,0,0,564,563,274,614,614,614,614,614,274,48,122,614,614,0,0,0,0,0,56,16,0,0,0,0,0,0,0,0,0,0,0,0,0,0,0,357,51,247,0,0,0,0,0,0,"82"
"8207020501",72,241,52,36,55,1,13,7.66666666666667,7,7,96,241,241,241,236,241,241,241,241,241,241,241,37,70,0,0,221,210,149,241,241,241,241,241,149,4,43,241,241,0,0,0,0,0,9,2,0,0,0,0,0,5,0,0,0,0,0,0,0,0,0,149,30,83,0,0,0,0,0,0,"82"
"8207020601",165,453,105,82,112,8,28,8.40606060606061,0,0,143,453,453,439,453,453,453,453,453,453,453,453,31,134,0,6,404,396,229,453,453,453,453,453,229,17,66,453,453,0,0,0,0,0,122,0,0,0,0,0,0,0,0,0,0,0,0,0,0,0,0,210,63,182,0,0,0,0,0,0,"82"
"8207020701",118,394,47,40,90,7,9,8.09322033898305,5,5,159,394,394,390,394,394,394,394,394,394,394,394,50,157,0,0,361,351,199,394,394,394,394,394,199,25,21,394,394,0,0,0,0,0,33,3,0,0,0,0,0,0,0,0,0,0,0,0,0,0,0,271,83,173,0,0,0,0,0,0,"82"
"8207030101",198,663,135,102,146,8,2,7.68181818181818,0,0,253,663,663,651,636,663,663,663,663,663,663,663,64,239,0,0,612,610,421,663,663,663,663,663,421,36,6,663,663,0,0,0,0,0,44,33,0,0,0,0,0,0,0,0,0,0,0,23,97,106,0,389,5,284,0,0,0,0,0,1,"82"
"8207030201",187,681,121,99,120,9,41,6.93048128342246,33,22,318,681,681,667,681,681,681,681,681,681,681,681,106,243,0,0,657,654,355,681,681,681,681,681,363,32,100,681,681,0,0,0,0,0,115,1,0,0,0,0,0,0,0,0,0,0,0,0,0,0,0,254,185,402,0,0,0,0,0,0,"82"
"8207030301",178,647,121,80,100,7,15,8.68539325842697,48,42,434,647,647,619,639,647,647,647,647,647,647,647,208,366,0,4,612,612,264,647,643,647,647,647,270,33,48,647,647,0,8,0,0,0,283,6,0,0,0,0,0,1,0,0,0,0,0,9,55,60,0,114,0,299,0,0,0,0,0,0,"82"
"8207030401",297,1017,399,299,173,27,47,7.00673400673401,4,4,445,1017,1017,989,1012,1017,1017,1017,1017,1017,1017,1017,130,466,0,0,966,955,470,1017,1017,1017,1017,1017,478,92,139,1017,1017,0,0,0,0,0,487,93,0,0,0,0,0,1,0,0,0,0,0,0,254,198,0,284,0,608,277,0,0,0,4,1,"82"
"8207030501",179,680,187,138,134,5,0,8.79329608938547,32,28,328,680,680,671,680,680,680,680,680,680,680,680,144,328,0,15,654,652,401,680,680,680,680,680,401,31,0,680,680,0,0,0,0,0,41,50,0,0,0,0,0,0,0,0,0,0,0,0,0,0,0,236,0,423,0,0,0,0,0,0,"82"
"8207030601",171,518,68,46,108,5,3,8.42105263157895,0,0,161,518,518,499,518,518,518,518,518,518,518,518,47,156,0,15,491,491,267,518,518,518,518,518,272,25,7,518,518,0,0,0,0,0,5,7,0,0,0,1,0,0,0,0,0,0,0,0,0,0,0,409,6,129,0,0,0,0,0,0,"82"
"8207030701",99,341,87,74,50,17,10,8.65656565656566,42,29,228,341,341,326,329,341,341,341,341,341,341,341,95,183,4,7,323,317,111,341,341,341,341,341,116,45,31,341,341,0,0,0,0,0,194,22,0,0,0,3,0,3,0,0,0,0,0,27,97,31,0,213,0,199,0,0,0,0,0,0,"82"
"8207030801",59,249,67,53,24,5,0,8.45762711864407,0,0,182,249,249,232,235,249,249,249,249,249,249,249,56,158,10,0,245,245,89,249,249,249,249,249,89,18,0,249,249,0,0,0,0,0,172,7,0,0,0,0,0,0,0,0,0,0,0,1,62,19,0,13,0,126,0,0,0,0,0,0,"82"
"8207040101",70,234,23,23,28,0,0,7.94285714285714,5,0,123,234,234,229,234,234,234,234,234,234,234,234,35,110,0,0,222,222,76,234,234,234,234,234,76,0,0,234,234,0,0,0,0,0,0,1,0,0,0,0,0,0,0,0,0,0,0,0,0,0,0,36,0,152,0,0,0,0,0,0,"82"
"8207040201",137,448,96,79,69,4,10,8.35036496350365,23,15,204,448,448,420,447,448,448,448,448,448,448,448,63,164,0,0,431,427,178,448,448,448,448,448,178,11,20,448,448,0,0,0,0,0,51,35,0,0,0,0,0,0,0,0,0,0,0,0,0,0,0,75,57,155,0,0,0,0,0,0,"82"
"8207040301",144,460,89,86,59,6,4,6.9375,10,10,237,460,460,440,460,460,460,460,460,460,460,460,98,202,0,20,436,436,159,460,460,460,460,460,159,23,12,460,460,0,0,0,0,0,21,0,0,0,0,0,0,0,0,0,0,0,0,0,0,0,0,187,107,238,0,0,0,0,0,0,"82"
"8207040401",72,263,81,80,35,0,0,7.05555555555556,36,20,157,263,263,247,263,263,263,263,263,263,263,263,58,122,0,0,253,253,100,263,263,263,263,263,100,0,0,263,263,0,0,0,0,0,1,1,0,0,0,0,0,0,0,0,0,0,0,0,0,0,0,32,109,157,0,0,0,0,0,0,"82"
"8207050101",94,329,53,46,49,4,2,8.90425531914894,3,3,199,329,329,315,325,329,329,329,329,329,329,329,65,144,0,0,319,317,144,329,329,329,329,329,144,25,4,329,329,0,0,0,0,0,0,0,0,0,0,0,0,0,0,0,0,0,0,0,0,0,0,40,131,164,0,0,0,0,0,0,"82"
"8207050201",121,365,43,36,65,5,1,8.85123966942149,25,21,160,365,365,347,365,365,365,365,365,365,365,365,54,156,0,0,341,341,146,365,365,365,365,365,146,15,1,365,365,0,0,0,0,0,1,4,0,0,0,0,0,0,3,0,0,0,0,0,0,0,0,8,31,50,0,0,0,0,0,0,"82"
"8207050301",119,385,73,62,68,2,2,8.52100840336134,0,0,175,385,385,378,380,385,385,385,385,385,385,385,32,189,0,0,354,354,144,385,385,385,385,385,144,7,5,385,385,0,0,0,0,0,0,0,0,0,0,0,0,0,0,0,0,0,0,0,0,0,0,235,112,156,0,0,0,0,0,0,"82"
"8207050401",92,333,58,46,60,1,12,8.6304347826087,29,25,162,333,333,333,330,333,333,333,333,333,333,333,35,136,0,0,314,311,181,333,333,333,333,333,181,7,38,333,333,0,0,0,0,0,21,1,0,0,0,0,0,0,0,0,0,0,0,0,0,0,0,3,88,177,0,0,0,0,0,0,"82"
"8207050501",80,217,41,31,36,0,0,8.6,5,5,94,217,217,214,212,217,217,217,217,217,217,217,37,76,0,0,197,194,80,217,217,217,217,217,80,0,0,217,217,0,0,0,0,0,5,1,0,0,0,0,0,0,0,0,0,0,0,0,0,0,0,9,3,73,0,0,0,0,0,0,"82"
"8207050601",114,501,66,51,51,7,0,8.76315789473684,12,12,330,501,501,487,501,501,501,501,501,501,501,501,122,278,0,5,499,496,189,501,501,501,501,501,192,33,0,501,501,0,0,0,0,0,20,1,0,0,0,0,0,0,0,0,0,0,0,0,0,0,0,0,0,318,0,0,0,0,0,0,"82"
"8207050701",78,286,40,25,36,3,1,8.88461538461539,0,0,144,286,286,286,286,286,286,286,286,286,286,286,41,110,0,0,279,279,115,286,286,286,286,286,115,5,4,286,286,0,0,0,0,0,12,0,0,0,0,0,0,0,0,0,0,0,0,0,0,0,0,84,49,64,0,0,0,0,0,0,"82"
"8207050801",104,298,25,21,58,3,0,8.63461538461539,0,0,128,298,298,286,296,298,298,298,298,298,298,298,49,110,0,3,272,272,129,298,298,298,298,298,131,10,0,298,298,0,0,0,0,0,9,2,0,0,0,0,0,0,0,0,0,0,0,0,0,0,0,38,30,74,0,0,0,0,0,0,"82"
"8207060101",95,285,8,5,35,1,0,8.54736842105263,5,5,155,285,285,281,280,285,285,285,285,285,285,285,46,124,0,0,277,266,99,285,282,285,285,285,104,5,0,285,285,0,0,0,0,0,9,4,0,0,0,0,2,0,0,0,0,0,0,0,0,0,0,0,0,1,0,0,0,0,0,0,"82"
"8207060201",109,288,32,30,61,0,0,8.21100917431193,0,0,137,288,288,278,287,288,288,288,288,288,288,288,32,119,0,0,267,256,142,288,288,288,288,288,142,0,0,288,288,0,0,0,0,0,27,1,0,0,0,0,0,0,0,0,0,0,0,0,0,0,0,0,0,1,0,0,0,0,0,0,"82"
"8207060301",97,278,33,22,36,3,0,8.30927835051546,9,9,134,278,278,273,271,278,278,278,278,278,278,278,47,119,0,11,265,264,101,278,278,278,278,278,101,5,0,278,278,0,0,0,0,0,9,8,0,0,0,0,0,0,0,0,0,0,0,0,0,0,0,101,13,57,0,0,0,0,0,0,"82"
"8207060401",67,185,7,6,29,2,1,8.95522388059701,0,0,64,185,185,167,181,185,185,185,185,185,185,185,18,61,0,0,177,176,60,185,176,185,185,185,60,5,2,185,185,0,0,0,0,0,1,0,0,0,0,0,0,0,0,0,0,0,0,0,0,0,0,0,0,3,0,0,0,0,0,0,"82"
"8207060501",162,620,36,30,69,1,0,8.40123456790123,23,7,356,620,620,593,620,620,620,620,620,620,620,620,145,306,0,0,604,597,210,620,620,620,620,620,210,2,0,620,620,0,0,0,0,0,7,12,0,0,0,0,0,0,0,0,2,0,0,0,0,0,0,413,89,247,0,0,0,0,0,0,"82"
"8207510101",110,179,16,14,52,1,6,7.76363636363636,0,0,41,179,179,166,175,179,179,179,179,179,179,179,18,24,0,0,140,140,83,179,179,179,179,179,83,1,8,179,179,0,0,0,0,0,68,5,0,0,0,0,0,2,1,0,0,0,0,1,0,0,0,0,7,14,0,0,0,0,0,0,"82"
"8207510201",83,168,29,21,31,3,7,7.19277108433735,0,0,59,168,168,160,167,168,168,168,168,168,168,168,27,32,0,0,148,145,66,168,168,168,168,168,70,10,10,168,168,0,0,0,0,0,108,1,0,0,0,0,0,0,0,0,0,0,0,0,0,0,0,0,34,45,0,0,0,0,0,0,"82"
"8208010101",140,463,92,74,93,7,18,8.12142857142857,15,11,184,463,463,457,463,463,463,463,463,463,463,463,85,147,12,0,439,439,266,463,463,463,463,463,266,25,47,463,463,0,0,0,0,0,183,0,0,0,0,0,0,0,0,0,0,0,0,0,0,24,0,0,138,198,0,0,0,0,0,0,"82"
"8208010102",22,33,4,4,6,0,0,8,0,0,6,33,33,31,33,33,33,33,33,33,33,33,0,8,0,0,27,27,8,33,33,33,33,33,8,0,0,33,33,0,0,0,0,0,2,0,0,0,0,0,0,0,0,0,0,0,0,0,0,1,0,0,0,0,0,0,0,0,0,0,"82"
"8208010201",283,787,118,95,151,8,13,9.06713780918728,0,0,277,787,787,756,787,787,787,787,787,787,787,787,101,283,14,0,730,730,379,787,787,787,787,787,381,40,42,787,787,0,0,0,0,0,316,0,0,0,0,0,0,0,0,0,0,0,0,0,1,38,0,23,24,51,0,0,0,0,0,0,"82"
"8208010202",26,45,11,10,16,0,0,9,0,0,11,45,45,41,45,45,45,45,45,45,45,45,8,9,0,0,30,30,28,45,45,45,45,45,28,0,0,45,45,0,0,0,0,0,0,0,0,0,0,0,0,0,0,0,0,0,0,0,0,6,0,0,0,0,0,0,0,0,0,0,"82"
"8208010301",178,485,116,94,105,7,7,8.7247191011236,0,0,178,485,485,470,485,485,485,485,485,485,485,485,66,166,24,0,445,436,260,485,485,485,485,485,262,27,22,485,485,0,0,0,0,0,9,0,0,0,0,0,0,0,0,0,0,0,0,0,0,60,0,0,20,64,0,0,0,0,0,0,"82"
"8208010302",204,551,135,113,164,12,58,8.25980392156863,0,0,174,551,551,538,551,551,551,551,551,551,551,551,37,179,4,0,491,475,343,551,551,551,551,551,355,37,154,551,551,0,0,0,0,0,0,0,0,0,0,0,0,0,0,0,0,0,0,0,0,31,0,0,15,35,0,0,0,0,0,0,"82"
"8208010402",250,504,91,69,232,2,4,8,0,0,96,504,504,501,503,504,504,504,504,504,504,504,18,73,0,5,357,357,354,504,504,504,504,504,354,4,10,504,504,0,0,0,0,0,0,0,0,0,0,0,0,0,1,0,0,0,0,0,0,0,0,0,0,0,0,0,0,0,0,0,"82"
"8208010501",282,736,159,135,147,13,11,8.81560283687943,5,0,213,736,736,698,736,736,736,736,736,736,736,736,48,233,27,0,669,669,336,736,736,736,736,736,336,47,27,736,736,0,0,0,0,0,150,0,0,0,0,0,0,0,0,0,0,0,0,0,1,25,0,0,22,65,0,0,0,0,0,0,"82"
"8208010601",408,1105,296,242,232,22,118,7.8921568627451,29,29,468,1105,1105,1007,1096,1105,1105,1105,1105,1105,1105,1105,154,430,9,0,989,968,455,1105,1105,1105,1105,1105,455,65,225,1105,1105,0,0,0,0,0,404,2,0,0,0,0,0,4,0,0,0,0,0,0,14,31,0,0,202,273,0,0,0,0,0,5,"82"
"8208010701",159,453,123,108,93,1,8,8.0188679245283,0,0,146,453,453,445,453,453,453,453,453,453,453,453,40,130,14,0,425,421,219,453,453,453,453,453,219,4,20,453,453,0,0,0,0,0,164,0,0,0,0,0,0,0,0,0,0,0,0,0,0,12,0,0,82,112,5,0,0,0,0,0,"82"
"8208010801",174,577,195,184,70,2,2,7.96551724137931,19,14,291,577,577,535,577,577,577,577,577,577,577,577,116,273,11,0,550,546,164,577,577,577,577,577,164,11,9,577,577,0,0,0,0,0,151,0,0,0,0,0,0,0,0,0,0,0,0,0,0,20,0,0,89,237,0,0,0,0,0,0,"82"
"8208010901",164,487,140,125,84,11,7,9.25,24,20,249,487,487,467,487,487,487,487,487,487,487,487,50,208,9,0,450,448,225,487,487,487,487,487,232,34,16,487,487,0,0,0,0,0,141,0,266,0,0,0,0,0,0,0,0,0,0,0,16,49,0,3,197,241,0,0,0,0,0,0,"82"
"8208010902",144,310,76,68,114,0,6,8.5,0,0,74,310,310,301,310,310,310,310,310,310,310,310,19,64,0,0,242,240,205,310,310,310,310,310,205,0,9,310,310,0,0,0,0,0,6,0,102,0,0,0,0,0,0,0,0,0,0,0,0,36,0,1,0,0,0,0,0,0,0,0,"82"
"8208020101",105,285,71,55,69,5,6,8.02857142857143,0,0,96,285,285,284,285,285,285,285,285,285,285,285,32,85,4,0,257,255,148,285,285,285,285,285,151,12,20,285,285,0,0,0,0,0,10,0,0,0,0,0,0,0,0,0,0,0,0,0,0,10,0,0,11,15,0,0,0,0,0,0,"82"
"8208020201",164,417,83,73,111,1,3,8.26219512195122,5,0,123,417,417,413,417,417,417,417,417,417,417,417,43,99,21,0,369,367,202,417,417,417,417,417,202,1,7,417,417,0,0,0,0,0,175,0,0,0,0,0,0,0,0,0,0,0,0,0,0,15,0,0,55,82,0,0,0,0,0,0,"82"
"8208020301",204,551,88,71,158,3,43,8.27941176470588,0,0,122,551,551,531,551,551,551,551,551,551,551,551,10,153,21,4,478,468,308,551,551,551,551,551,308,12,117,551,551,0,0,0,0,0,2,0,0,0,0,0,0,0,0,0,0,0,0,0,0,26,0,0,32,20,0,0,0,0,0,0,"82"
"8208020401",157,368,78,57,107,10,3,8.00636942675159,9,3,93,368,368,337,368,368,368,368,368,368,368,368,18,88,10,0,315,305,164,368,368,368,368,368,164,27,8,368,368,0,0,0,0,0,211,0,0,0,0,0,0,0,0,0,0,0,0,0,0,13,0,0,9,20,0,0,0,0,0,0,"82"
"8208020501",202,653,166,143,128,8,5,8.0049504950495,25,19,279,653,653,636,653,653,653,653,653,653,653,653,94,258,31,0,613,610,358,653,653,653,653,653,358,30,14,653,653,0,0,0,0,0,16,0,0,0,0,0,0,0,0,0,0,0,0,0,0,8,0,0,38,86,0,0,0,0,0,0,"82"
"8208020601",95,269,57,44,66,2,0,8,0,0,114,269,269,266,269,269,269,269,269,269,269,269,35,100,3,0,249,238,139,269,269,269,269,269,139,6,0,269,269,0,0,0,0,0,16,0,0,0,0,0,0,0,0,0,0,0,0,0,0,12,0,0,20,51,0,0,0,0,0,0,"82"
"8208020701",460,1449,363,318,195,13,17,7.10434782608696,14,7,758,1449,1449,1347,1449,1449,1449,1449,1449,1449,1449,1449,303,686,47,0,1384,1377,477,1449,1449,1449,1449,1449,478,46,59,1449,1449,0,0,0,0,0,494,0,0,0,0,0,0,0,0,0,0,0,0,0,0,11,0,0,0,433,0,0,0,0,0,0,"82"
"8208020801",441,1256,247,213,299,22,158,10,0,0,542,1256,1256,1215,1256,1256,1256,1256,1256,1256,1256,1256,152,449,0,0,1137,1123,692,1256,1256,1256,1256,1256,702,73,418,1256,1256,0,0,0,0,0,0,0,0,0,0,0,0,0,0,0,0,0,0,2,0,0,0,1256,0,0,0,0,0,0,0,2,"82"
"8208020901",230,695,159,131,148,8,4,9.96521739130435,0,0,271,695,695,679,683,695,695,695,695,695,695,695,94,275,0,0,650,650,370,695,695,695,695,695,370,27,16,695,695,0,0,0,2,2,1,0,0,0,0,0,0,0,0,0,0,0,0,0,0,0,0,572,18,49,5,0,0,0,0,0,"82"
"8208030101",252,690,123,104,144,5,2,9.98412698412698,5,5,214,690,690,677,687,690,690,690,690,690,690,690,50,183,0,0,654,648,336,690,690,690,690,690,336,21,5,690,690,0,0,0,0,0,0,0,0,0,0,0,0,0,0,0,0,0,0,0,0,0,0,0,296,367,0,0,0,0,0,0,"82"
"8208030201",247,759,108,96,126,4,21,8.43724696356275,12,12,308,759,759,740,759,759,759,759,759,759,759,759,91,256,0,0,723,719,320,759,759,759,759,759,320,20,54,759,759,0,0,0,0,0,143,17,0,0,0,0,0,0,0,0,0,0,0,0,19,15,0,19,182,280,23,0,0,0,0,0,"82"
"8208030301",195,635,113,94,139,2,0,9.96410256410256,0,0,219,635,635,624,635,635,635,635,635,635,635,635,48,218,0,0,589,580,307,635,635,635,635,635,307,5,0,635,635,0,0,0,0,0,0,6,0,0,0,0,0,0,0,0,0,0,0,0,0,59,0,17,298,317,2,0,0,0,0,0,"82"
"8208030401",192,622,91,62,150,7,52,8.08333333333333,9,9,213,622,622,606,622,622,622,622,622,622,622,622,71,181,11,0,580,580,369,622,622,622,622,622,369,31,168,622,622,0,0,0,0,0,179,0,0,0,0,0,0,0,0,0,0,0,0,0,0,10,0,0,43,43,0,0,0,0,0,0,"82"
"8208030501",103,306,89,74,61,9,20,8.35922330097087,17,17,149,306,306,292,306,306,306,306,306,306,306,306,50,116,15,0,285,285,151,306,306,306,306,306,154,27,65,306,306,0,0,0,0,0,255,0,0,0,0,0,0,0,0,0,0,0,0,0,0,7,0,0,94,84,0,0,0,0,0,0,"82"
"8208030601",164,456,80,60,132,4,5,8.84146341463415,0,0,117,456,456,454,456,456,456,456,456,456,456,456,8,153,16,0,407,401,290,456,456,456,456,456,290,16,19,456,456,0,0,0,0,0,38,0,0,0,0,0,0,0,0,0,0,0,0,0,0,18,0,0,87,107,0,0,0,0,0,0,"82"
"8208030701",126,386,58,50,84,4,26,8.17460317460317,24,24,182,386,386,382,383,386,386,386,386,386,386,386,71,140,5,0,353,348,188,386,386,386,386,386,198,18,68,386,386,0,0,0,0,0,6,0,0,0,0,0,0,0,0,0,0,0,0,0,0,0,0,0,19,44,0,0,0,0,0,0,"82"
"8208040101",192,548,85,66,162,11,9,8.11458333333333,8,8,111,548,548,543,543,548,548,548,548,548,548,548,21,131,0,0,488,488,357,548,548,548,548,548,362,43,24,548,548,0,0,0,0,0,0,0,0,0,0,0,0,0,0,0,0,0,0,4,0,39,0,0,0,87,0,0,0,0,0,0,"82"
"8208040201",580,1544,276,259,172,24,50,7.99827586206897,3,3,705,1544,1544,1362,1539,1544,1544,1544,1544,1544,1544,1544,188,675,0,0,1466,1458,372,1544,1544,1544,1544,1544,375,86,136,1544,1544,0,0,0,0,0,0,0,0,0,0,0,0,0,0,0,0,0,0,3,6,26,0,0,2,451,0,0,0,0,0,0,"82"
"8208040301",259,842,146,133,134,7,0,8.46332046332046,43,43,377,842,842,811,836,842,842,842,842,842,842,842,176,356,0,0,818,815,409,842,842,842,842,842,409,30,0,842,842,0,0,0,0,0,0,0,0,0,0,0,0,0,0,0,0,0,0,0,0,92,0,24,0,91,0,0,0,0,0,0,"82"
"8208040401",233,709,131,112,150,3,8,8.15021459227468,10,10,252,709,709,693,709,709,709,709,709,709,709,709,120,195,0,0,668,652,386,709,709,709,709,709,386,15,34,709,709,0,0,0,0,0,0,0,0,0,0,0,0,0,0,0,0,0,0,0,0,60,0,0,0,173,0,0,0,0,0,0,"82"
"8208040501",214,541,85,69,126,8,22,8.0607476635514,4,4,243,541,541,505,541,541,541,541,541,541,541,541,60,201,0,0,485,485,264,541,541,541,541,541,264,22,60,541,541,0,0,0,0,0,4,0,0,0,0,0,0,0,0,0,0,0,0,6,6,13,0,0,0,51,0,0,0,0,0,0,"82"
"8208040601",253,668,96,79,121,3,23,8.28458498023715,19,19,312,668,668,606,654,668,668,668,668,668,668,668,106,273,0,0,601,598,246,668,668,668,668,668,246,10,72,668,668,0,0,0,0,0,0,0,0,0,0,0,0,0,0,0,0,0,0,0,2,28,0,0,194,255,0,0,0,0,0,0,"82"
"8208040701",222,653,118,108,127,8,13,7.85585585585586,8,8,295,653,653,639,652,653,653,653,653,653,653,653,103,263,0,0,611,611,326,653,653,653,653,653,326,35,35,653,653,0,0,0,0,0,0,0,0,0,0,0,0,0,0,0,0,0,0,0,0,16,0,0,56,184,0,0,0,0,0,0,"82"
"8208040801",95,298,58,58,39,2,1,7.91578947368421,5,5,162,298,298,263,298,298,298,298,298,298,298,298,29,145,0,0,292,292,101,298,298,298,298,298,101,6,3,298,298,0,0,0,0,0,0,0,0,0,0,0,0,0,0,0,0,0,0,0,3,3,0,0,54,101,0,0,0,0,0,0,"82"
"8208040901",123,331,76,69,48,1,6,8.76422764227642,3,3,143,331,331,286,331,331,331,331,331,331,331,331,39,161,0,0,307,307,90,331,331,331,331,331,90,4,20,331,331,0,0,0,0,0,4,0,0,0,0,0,0,0,0,0,0,0,0,0,0,2,0,0,0,86,0,0,0,0,0,0,"82"
"8208041001",149,413,79,64,66,5,32,8.34228187919463,16,16,206,413,413,390,413,413,413,413,413,413,413,413,80,192,0,0,378,376,165,413,413,413,413,413,167,8,89,413,413,0,0,0,0,0,0,0,0,0,0,0,0,0,0,0,0,0,0,0,3,3,0,0,0,112,0,0,0,0,0,0,"82"
"8208041101",74,204,26,23,36,3,8,8.2972972972973,0,0,100,204,204,192,200,204,204,204,204,204,204,204,14,93,0,0,189,185,92,204,204,204,204,204,92,9,28,204,204,0,0,0,0,0,0,0,0,0,0,0,0,0,0,0,0,0,0,0,0,0,0,0,0,16,0,0,0,0,0,0,"82"
"8208050101",219,684,103,92,131,22,54,7.91780821917808,39,28,320,684,684,654,663,684,684,684,684,684,684,684,110,300,16,4,649,644,324,684,684,684,684,684,324,59,141,684,684,0,0,0,0,0,214,7,15,0,0,3,10,0,0,0,0,0,0,17,41,46,0,177,127,262,4,0,0,0,0,4,"82"
"8208050201",144,395,107,103,95,3,14,8.95833333333333,0,0,155,393,393,379,393,395,395,395,395,395,395,395,32,158,0,0,347,339,188,395,395,395,395,395,191,9,30,395,395,0,0,0,0,5,239,0,0,0,0,2,0,0,0,0,0,0,0,0,7,34,0,0,51,119,0,0,0,0,0,0,"82"
"8208050301",237,846,140,127,138,8,55,7.41772151898734,6,6,429,846,846,817,836,846,846,846,846,846,846,846,155,344,15,0,813,813,351,846,846,846,846,846,351,27,182,846,846,0,0,0,0,3,117,0,4,0,0,39,0,2,0,0,0,0,0,9,31,8,0,368,399,514,16,0,0,0,0,23,"82"
"8208050401",113,295,63,50,61,3,33,7.75221238938053,9,9,107,295,295,293,293,295,295,295,295,295,295,295,20,102,4,5,268,265,124,295,293,295,295,295,124,6,82,295,295,0,0,0,0,0,61,0,0,0,0,3,0,1,0,0,0,0,0,0,5,2,0,127,125,165,7,0,0,0,2,6,"82"
"8208050501",204,678,94,82,96,13,28,8.16666666666667,39,13,368,678,678,663,669,678,678,678,678,678,678,678,103,351,15,0,647,644,253,678,678,678,678,678,253,40,91,678,678,0,0,0,0,0,185,2,2,0,0,41,94,31,7,0,0,0,0,13,38,39,0,105,220,333,12,0,1,0,2,0,"82"
"8208050601",90,338,30,24,43,2,0,8.13333333333333,35,31,194,338,338,330,334,338,338,338,338,338,338,338,37,165,4,0,333,333,135,338,338,338,338,338,135,6,0,338,338,0,7,0,0,0,36,0,0,0,0,117,12,0,0,0,0,0,0,0,22,34,0,88,164,174,0,0,0,0,7,0,"82"
"8208050701",150,480,60,56,70,4,5,7.26666666666667,6,6,250,480,480,465,480,480,480,480,480,480,480,480,74,230,34,0,448,448,148,480,478,480,480,480,148,10,10,480,480,0,0,0,0,0,0,6,0,0,0,0,0,0,0,0,0,0,0,0,0,0,0,241,124,242,0,0,0,0,0,1,"82"
"8208060101",562,1185,144,122,167,2,12,8.08896797153025,0,0,438,1185,1185,1150,1179,1185,1185,1185,1185,1185,1185,1185,160,405,22,0,1115,1110,398,1185,1185,1185,1185,1185,401,3,33,1185,1185,0,0,0,0,0,96,0,0,0,0,3,0,0,2,0,0,0,0,0,0,13,0,0,27,80,0,0,0,0,0,9,"82"
"8208060201",73,98,4,4,22,0,0,8.01369863013699,0,0,30,98,98,92,98,98,98,98,98,98,98,98,6,30,0,0,71,69,29,98,98,98,98,98,29,0,0,98,98,0,0,0,0,0,3,0,0,0,0,0,0,0,0,0,0,0,0,0,0,0,0,0,0,0,0,0,0,0,0,0,"82"
"8208060301",264,719,111,105,124,0,0,8,0,0,329,719,719,695,712,719,719,719,719,719,719,719,138,299,0,0,675,668,342,719,719,719,719,719,342,0,0,719,719,0,0,0,0,12,0,0,0,0,0,10,0,0,7,0,0,0,0,0,0,0,0,0,0,0,0,0,0,0,0,0,"82"
"8208060401",108,165,53,49,23,1,0,8,6,6,64,165,165,145,163,165,165,165,165,165,165,165,22,55,0,0,135,133,40,165,165,165,165,165,41,1,0,165,165,0,0,0,0,0,0,0,0,0,0,0,0,0,3,0,0,0,0,0,0,0,0,0,0,0,0,0,0,0,0,0,"82"
"8208060501",362,664,53,48,115,1,4,8.01933701657459,0,0,116,664,664,599,658,664,664,664,664,664,664,664,46,124,0,0,588,586,195,664,664,664,664,664,195,2,7,664,664,0,0,0,1,1,0,0,0,0,0,5,0,0,1,0,0,0,0,0,0,0,0,0,0,40,0,0,0,0,0,1,"82"
"8208060601",210,334,41,35,64,0,0,8.14285714285714,8,8,105,334,334,293,333,334,334,334,334,334,334,334,29,92,0,0,289,284,100,334,334,334,334,334,100,0,0,334,334,0,0,0,0,2,10,0,0,0,0,7,0,0,0,0,0,0,0,0,0,8,0,0,8,27,0,0,0,0,0,0,"82"
